Name,Creator,Glossary,Illustrator,Types,Value(CP),_onlyNPC,carry.immune.e,carry.immune.o,carry.immune.p,carry.invalid.a,carry.invalid.m,carry.invalid.s,carry.mod.a,carry.mod.ap,carry.mod.cc,carry.mod.d,carry.mod.e,carry.mod.m,carry.mod.ms,carry.mod.n,carry.mod.p,carry.mod.pr,carry.mod.r,carry.mod.s,carry.mod.t,carry.mul.a,carry.mul.ap,carry.mul.cc,carry.mul.e,carry.mul.m,carry.mul.ms,carry.mul.pr,carry.mul.r,carry.mul.s,carry.mul.t,equip.immune.e,equip.immune.o,equip.immune.p,equip.invalid.a,equip.invalid.m,equip.invalid.s,equip.mod.a,equip.mod.ap,equip.mod.cc,equip.mod.d,equip.mod.e,equip.mod.m,equip.mod.ms,equip.mod.n,equip.mod.p,equip.mod.pr,equip.mod.r,equip.mod.s,equip.mod.t,equip.mod.weapon.p,equip.mul.a,equip.mul.ap,equip.mul.cc,equip.mul.e,equip.mul.m,equip.mul.ms,equip.mul.pr,equip.mul.r,equip.mul.s,equip.mul.t,equip.mv.main,equip.mv.minor,equip.pe.main,equip.pe.minor,slot.adornment,slot.armband,slot.armour,slot.attachment,slot.boot,slot.cape,slot.costume,slot.earpiece,slot.footwear,slot.glove,slot.helmet,slot.necklace,slot.ring,slot.saddle,slot.tailpiece,slot.waistband,slot.weapon,strength.carry,strength.equip,weight,价值,依赖扩展规则,材料子类,特殊类型,类型,规格,设定
勇武翼盔,William Pucs (https://www.notion.so/William-Pucs-1c5d619a067b80acab49f60859dddd55?pvs=21),,,"魔法物品,轻型,头盔,",3200,No,No,No,No,No,No,No,,,,,,,,,,,,,,,,,,,,,,,,No,No,No,No,No,No,,,,,1,,,,,,,,1,,,,,,,,,,,,,,,,,,,,,,,,,,1,,,,,,,,12,1,32银币,,,魔法物品,头盔,轻型,
明察皮帽,William Pucs (https://www.notion.so/William-Pucs-1c5d619a067b80acab49f60859dddd55?pvs=21),,,"魔法物品,琐碎,头盔,",1500,No,No,No,No,No,No,No,,,,,,,,,,,,,,,,,,,,,,,,No,No,No,No,No,No,,,,,1,,,,,,1,,,,,,,,,,,,,,,,,,,,,,,,,,,,1,,,,,,,,8,0,15银币,,,魔法物品,头盔,琐碎,
睿智兜帽,William Pucs (https://www.notion.so/William-Pucs-1c5d619a067b80acab49f60859dddd55?pvs=21),,,"魔法物品,琐碎,头盔,",37000,No,No,No,No,No,No,No,,,,,,,,,,,,,,,,,,,,,,,,No,No,No,No,No,No,,,,,,,,,,,1,1,,,,,,,,,,,,,,,,,,,,,,,,,,,1,,,,,,,,,0,3金币70银币,,,魔法物品,头盔,琐碎,
勇气头盔,William Pucs (https://www.notion.so/William-Pucs-1c5d619a067b80acab49f60859dddd55?pvs=21),,,"魔法物品,轻型,头盔,",4600,No,No,No,No,No,No,No,,,,,,,,,,,,,,,,,,,,,,,,No,No,No,No,No,No,,,,,1,,,,,,1,,1,,,,,,,,,,,,,,,,,,,,,,,,,,1,,,,,,,,9,1,46银币,,,魔法物品,头盔,轻型,
丑角面具,William Pucs (https://www.notion.so/William-Pucs-1c5d619a067b80acab49f60859dddd55?pvs=21),,,"魔法物品,琐碎,头盔,",10000,No,No,No,No,No,No,No,,,,,,,,,,,,,,,,,,,,,,,,No,No,No,No,No,No,,,,,,,,,,,2,,,,,,,,,,,,,,,,,,,,,,,,,,,,1,,,,,,,,11,0,1金币,,,魔法物品,头盔,琐碎,
护面甲,William Pucs (https://www.notion.so/William-Pucs-1c5d619a067b80acab49f60859dddd55?pvs=21),,,"琐碎,头盔,",5000,No,No,No,No,No,No,No,,,,,,,,,,,,,,,,,,,,,,,,No,No,No,No,No,No,,,,,,,,,,,2,,,,,,,,,,,,,,,,,,,,,,,,,,,,1,,,,,,,,2,0,50银币,,,,头盔,琐碎,
神射手皮帽,William Pucs (https://www.notion.so/William-Pucs-1c5d619a067b80acab49f60859dddd55?pvs=21),Sharpshooter's Leather Cap,,"琐碎,头盔,",5000,No,No,No,No,No,No,No,,,,,,,,,,,,,,,,,,,,,,,,No,No,No,No,No,No,,,,,,,,,,,,,,,,,,,,,,,,,,,,,,,,,,,,,,,1,,,,,,,,1,0,50银币,,,,头盔,琐碎,
布兜帽,William Pucs (https://www.notion.so/William-Pucs-1c5d619a067b80acab49f60859dddd55?pvs=21),,,"琐碎,头盔,",350,No,No,No,No,No,No,No,,,,,,,,,,,,,,,,,,,,,,,,No,No,No,No,No,No,,,,,,,,,,,1,,,,,,,,,,,,,,,,,,,,,,,,,,,,1,,,,,,,,0,0,3银币50铜币,,,,头盔,琐碎,
毡帽,William Pucs (https://www.notion.so/William-Pucs-1c5d619a067b80acab49f60859dddd55?pvs=21),Felt Hat,,"琐碎,头盔,",1100,No,No,No,No,No,No,No,,,,,,,,,,,,,,,,,,,,,,,,No,No,No,No,No,No,,,,,1,,,,,,1,,,,,,,,,,,,,,,,,,,,,,,,,,,,1,,,,,,,,6,0,11银币,,,,头盔,琐碎,
全罩式头盔,William Pucs (https://www.notion.so/William-Pucs-1c5d619a067b80acab49f60859dddd55?pvs=21),,,"轻型,头盔,",7500,No,No,No,No,No,No,No,,,,,,,,,,,,,,,,,,,,,,,,No,No,No,No,No,No,,,,,1,,,,,,2,,1,,,,,,,,0.5,,,,,,,,,,,,,,,,,,1,,,,,,,,-1,1,75银币,,,,头盔,轻型,
硬皮盔,William Pucs (https://www.notion.so/William-Pucs-1c5d619a067b80acab49f60859dddd55?pvs=21),,,"轻型,头盔,",1100,No,No,No,No,No,No,No,,,,,,,,,,,,,,,,,,,,,,,,No,No,No,No,No,No,,,,,1,,,,,,,,1,,,,,,,,,,,,,,,,,,,,,,,,,,1,,,,,,,,6,1,11银币,,,,头盔,轻型,
中头盔,William Pucs (https://www.notion.so/William-Pucs-1c5d619a067b80acab49f60859dddd55?pvs=21),Bascinet,,"轻型,头盔,",1250,No,No,No,No,No,No,No,,,,,,,,,,,,,,,,,,,,,,,,No,No,No,No,No,No,,,,,1,,,,,,1,,1,,,,,,,,0.5,,,,,,,,,,,,,,,,,,1,,,,,,,,-1,1,12银币50铜币,,,,头盔,轻型,
灵纹面具,William Pucs (https://www.notion.so/William-Pucs-1c5d619a067b80acab49f60859dddd55?pvs=21),,,"魔法物品,琐碎,头盔,",42000,No,No,No,No,No,No,No,,,,,,,,,,,,,,,,,,,,,,,,No,No,No,No,No,No,,,,,,,,,,,3,,,,,,,,,,,,,,,,,,,,,,,,,,,,1,,,,,,,,8,0,4金币20银币,,,魔法物品,头盔,琐碎,
铁卫面具,William Pucs (https://www.notion.so/William-Pucs-1c5d619a067b80acab49f60859dddd55?pvs=21),,,"琐碎,头盔,",30000,No,No,No,No,No,No,No,,,,,,,,,,,,,,,,,,,,,,,,No,No,No,No,No,No,,,,,,,,,,,2,-1,,,,,,,,,,,,,,,,,,,,,,,,,,,1,,,,,,,,2,0,3金币,,,,头盔,琐碎,托恩 (https://www.notion.so/1b8d619a067b80a2aea2c68c1c259efd?pvs=21)
敞面头盔,William Pucs (https://www.notion.so/William-Pucs-1c5d619a067b80acab49f60859dddd55?pvs=21),,,"轻型,头盔,",1100,No,No,No,No,No,No,No,,,,,,,,,,,,,,,,,,,,,,,,No,No,No,No,No,No,,,,,1,,,,,,,,1,,,,,,,,,,,,,,,,,,,,,,,,,,1,,,,,,,,6,1,11银币,,,,头盔,轻型,
云母甲,William Pucs (https://www.notion.so/William-Pucs-1c5d619a067b80acab49f60859dddd55?pvs=21),,,"轻型,护甲,",27000,No,No,No,No,No,No,No,,,,,,,,,,,,,,,,,,,,,,,,No,No,No,No,No,No,,,,,3,,,,,,,,,,,,,,,,,,,,,,,,,,1,,,,,,,,,,,,,,,,,1,2金币70银币,,,,护甲,轻型,
坚贞链甲,William Pucs (https://www.notion.so/William-Pucs-1c5d619a067b80acab49f60859dddd55?pvs=21),,,"魔法物品,重型,护甲,",57700,No,No,No,No,No,No,No,,,,,,,,,,,,,,,,,,,,,,,,No,No,No,No,No,No,,,,,-2,,,3,,,1,1,3,,,,,,,,,,,,,,,,,,1,,,,,,,,,,,,,,,,2,3,5金币77银币,,,魔法物品,护甲,重型,
荆棘刺甲,William Pucs (https://www.notion.so/William-Pucs-1c5d619a067b80acab49f60859dddd55?pvs=21),,,"魔法物品,轻型,护甲,",9000,No,No,No,No,No,No,No,,,,,,,,,,,,,,,,,,,,,,,,No,No,No,No,No,No,,,,,2,,,,,,,,1,,,,,,,,,,,,,,,,,,1,,,,,,,,,,,,,,,,6,1,90银币,,,魔法物品,护甲,轻型,
魔金线法衣,William Pucs (https://www.notion.so/William-Pucs-1c5d619a067b80acab49f60859dddd55?pvs=21),,,"魔法物品,轻型,护甲,",16000,No,No,No,No,No,No,No,,,,,,,,,,,,,,,,,,,,,,,,No,No,No,No,No,No,,,,,1,,,,,,2,,,,,,,,,,,,,,,,,,,,1,,,,,,,,,,,,,,,,3,1,1金币60银币,,,魔法物品,护甲,轻型,
浪人夹克,William Pucs (https://www.notion.so/William-Pucs-1c5d619a067b80acab49f60859dddd55?pvs=21),Ronin Jacket,,"轻型,护甲,",5500,No,No,No,No,No,No,No,,,,,,,,,,,,,,,,,,,,,,,,No,No,No,No,No,No,,,,2,2,,,,,,,,,,,,,,,,,,,,,,,,,,1,,,,,,,,,,,,,,,,2,1,55银币,,,,护甲,轻型,
全身铠甲,William Pucs (https://www.notion.so/William-Pucs-1c5d619a067b80acab49f60859dddd55?pvs=21),,,"重型,护甲,",68270,No,No,No,No,No,No,No,,,,,,,,,,,,,,,,,,,,,,,,No,No,No,No,No,No,,,,,,,,,,,,,4,,,,,,,,,,,,,,,,,,1,,,,,,,,,,,,,,,,-6,3,6金币82银币70铜币,,,,护甲,重型,
轻质皮甲,William Pucs (https://www.notion.so/William-Pucs-1c5d619a067b80acab49f60859dddd55?pvs=21),,,"轻型,护甲,",5300,No,No,No,No,No,No,No,,,,,,,,,,,,,,,,,,,,,,,,No,No,No,No,No,No,,,,,2,,,,,,,,,,,,,,,,,,,,,,,,,,1,,,,,,,,,,,,,,,,,1,53银币,,,,护甲,轻型,
厚棉甲,William Pucs (https://www.notion.so/William-Pucs-1c5d619a067b80acab49f60859dddd55?pvs=21),,,"轻型,护甲,",330,No,No,No,No,No,No,No,,,,,,,,,,,,,,,,,,,,,,,,No,No,No,No,No,No,,,,,1,,,,,,,,,,,,,,,,,,,,,,,,,,1,,,,,,,,,,,,,,,,,1,3银币30铜币,,,,护甲,轻型,
锁链衫,William Pucs (https://www.notion.so/William-Pucs-1c5d619a067b80acab49f60859dddd55?pvs=21),Chainmail,,"重型,护甲,",20000,No,No,No,No,No,No,No,,,,,,,,,,,,,,,,,,,,,,,,No,No,No,No,No,No,,,,,-2,,,,,,,,3,,,,,,,,,,,,,,,,,,1,,,,,,,,,,,,,,,,-1,3,2金币,,,,护甲,重型,
混织金属甲,William Pucs (https://www.notion.so/William-Pucs-1c5d619a067b80acab49f60859dddd55?pvs=21),,,"重型,护甲,",22850,No,No,No,No,No,No,No,,,,,,,,,,,,,,,,,,,,,,,,No,No,No,No,No,No,,,,,-1,,,,,,,,3,,,,,,,,,,,,,,,,,,1,,,,,,,,,,,,,,,,-7,3,2金币28银币50铜币,,,,护甲,重型,
鳞片甲,William Pucs (https://www.notion.so/William-Pucs-1c5d619a067b80acab49f60859dddd55?pvs=21),,,"重型,护甲,",5000,No,No,No,No,No,No,No,,,,,,,,,,,,,,,,,,,,,,,,No,No,No,No,No,No,,,,,,,,,,,,,2,,,,,,,,,,,,,,,,,,1,,,,,,,,,,,,,,,,-1,3,50银币,,,,护甲,重型,
镶嵌皮甲,William Pucs (https://www.notion.so/William-Pucs-1c5d619a067b80acab49f60859dddd55?pvs=21),,,"轻型,护甲,",5700,No,No,No,No,No,No,No,,,,,,,,,,,,,,,,,,,,,,,,No,No,No,No,No,No,,,,,1,,,,,,,,1,,,,,,,,,,,,,,,,,,1,,,,,,,,,,,,,,,,,1,57银币,,,,护甲,轻型,
硬皮甲,William Pucs (https://www.notion.so/William-Pucs-1c5d619a067b80acab49f60859dddd55?pvs=21),,,"轻型,护甲,",670,No,No,No,No,No,No,No,,,,,,,,,,,,,,,,,,,,,,,,No,No,No,No,No,No,,,,,1,,,,,,,,1,,,,,,,,,,,,,,,,,,1,,,,,,,,,,,,,,,,,1,6银币70铜币,,,,护甲,轻型,
防弹背心,William Pucs (https://www.notion.so/William-Pucs-1c5d619a067b80acab49f60859dddd55?pvs=21),Bulletproof Vest,,"轻型,护甲,",6000,No,No,No,No,No,No,No,,,,,,,,,,,,,,,,,,,,,,,,No,No,No,No,No,No,,,,,1,,,,,,,,2,,,,,,,,,,,,,,,,,,1,,,,,,,,,,,,,,,,2,1,60银币,,,,护甲,轻型,现代 (https://www.notion.so/1bad619a067b80ff93e5de5faec280e3?pvs=21)
抓地靴,William Pucs (https://www.notion.so/William-Pucs-1c5d619a067b80acab49f60859dddd55?pvs=21),,,"轻型,鞋靴,",8000,No,No,No,No,No,No,No,,,,,,,,,,,,,,,,,,,,,,,,No,No,No,No,No,No,,,,,1,,,,,,,,,,,,,,,,,,,,,,,,,,,,2,,,,,,,,,,,,,,4,1,80银币,,,,鞋靴,轻型,
闪现靴,William Pucs (https://www.notion.so/William-Pucs-1c5d619a067b80acab49f60859dddd55?pvs=21),,,"魔法物品,轻型,鞋靴,",10000,No,No,No,No,No,No,No,,,,,,,,,,,,,,,,,,,,,,,,No,No,No,No,No,No,,,,,,,,,,,,,,,,,,,,,,,,,,,,,,,,,2,,,,,,,,,,,,,,6,1,1金币,,,魔法物品,鞋靴,轻型,
灵猫速度之靴,William Pucs (https://www.notion.so/William-Pucs-1c5d619a067b80acab49f60859dddd55?pvs=21),,,"魔法物品,轻型,鞋靴,",18000,No,No,No,No,No,No,No,,,,,,,,,,,,,,,,,,,,,,,,No,No,No,No,No,No,,,,,,,1,,,,,,,,,,,,,,,,,,,,,,,,,,2,,,,,,,,,,,,,,4,1,1金币80银币,,,魔法物品,鞋靴,轻型,
漫游软靴,William Pucs (https://www.notion.so/William-Pucs-1c5d619a067b80acab49f60859dddd55?pvs=21),,,"魔法物品,轻型,鞋靴,",10000,No,No,No,No,No,No,No,,,,,,,,,,,,,,,,,,,,,,,,No,No,No,No,No,No,,,,,1,,,,,,,,,,,,,,,,,,,,,,,,,,,,2,,,,,,,,,,,,,,6,1,1金币,,,魔法物品,鞋靴,轻型,
铁靴,William Pucs (https://www.notion.so/William-Pucs-1c5d619a067b80acab49f60859dddd55?pvs=21),,,"轻型,鞋靴,",6700,No,No,No,No,No,No,No,,,,,,,,,,,,,,,,,,,,,,,,No,No,No,No,No,No,,,,-2,2,,,,,,,,,,,,,,,,,,,,,,,,,,,,2,,,,,,,,,,,,,,-1,1,67银币,,,,鞋靴,轻型,
皮靴,William Pucs (https://www.notion.so/William-Pucs-1c5d619a067b80acab49f60859dddd55?pvs=21),,,"轻型,鞋靴,",700,No,No,No,No,No,No,No,,,,,,,,,,,,,,,,,,,,,,,,No,No,No,No,No,No,,,,,1,,,,,,,,1,,,,,,,,,,,,,,,,,,,,2,,,,,,,,,,,,,,,1,7银币,,,,鞋靴,轻型,
毛毡靴,William Pucs (https://www.notion.so/William-Pucs-1c5d619a067b80acab49f60859dddd55?pvs=21),,,"轻型,鞋靴,",390,No,No,No,No,No,No,No,,,,,,,,,,,,,,,,,,,,,,,,No,No,No,No,No,No,,,,,1,,,,,,,,,,,,,,,,,,,,,,,,,,,,2,,,,,,,,,,,,,,4,1,3银币90铜币,,,,鞋靴,轻型,
护胫甲,William Pucs (https://www.notion.so/William-Pucs-1c5d619a067b80acab49f60859dddd55?pvs=21),,,"轻型,鞋靴,",450,No,No,No,No,No,No,No,,,,,,,,,,,,,,,,,,,,,,,,No,No,No,No,No,No,,,,,,,,,,,,,1,,,,,,,,,,,,,,,,,,,,2,,,,,,,,,,,,,,1,1,4银币50铜币,,,,鞋靴,轻型,
军靴,William Pucs (https://www.notion.so/William-Pucs-1c5d619a067b80acab49f60859dddd55?pvs=21),,,"轻型,鞋靴,",780,No,No,No,No,No,No,No,,,,,,,,,,,,,,,,,,,,,,,,No,No,No,No,No,No,,,,,1,,,,,,,,1,,,,,,,,,,,,,,,,,,,,2,,,,,,,,,,,,,,4,1,7银币80铜币,,,,鞋靴,轻型,现代 (https://www.notion.so/1bad619a067b80ff93e5de5faec280e3?pvs=21)
科诺凡达的暗影碎皮,William Pucs (https://www.notion.so/William-Pucs-1c5d619a067b80acab49f60859dddd55?pvs=21),,,"魔法物品,琐碎,异种防具,",,No,No,No,No,No,No,No,,,,,,,,,,,,,,,,,,,,,,,,No,No,No,No,No,No,-1,1,,,3,-1,,,,,3,-1,3,,,,,,,,,,,,,,,,,,,,,,,,,,,,,,,,,,12,0,,,,魔法物品,异种防具,琐碎,托恩 (https://www.notion.so/1b8d619a067b80a2aea2c68c1c259efd?pvs=21)
蜂刺,William Pucs (https://www.notion.so/William-Pucs-1c5d619a067b80acab49f60859dddd55?pvs=21),,,"缠斗武器,天生武器,",,Yes,No,No,No,No,No,No,,,,,,,,,,,,,,,,,,,,,,,,No,No,No,No,No,No,,,,,,,,,,,,,,,,,,,,,,,,,,,,,,,,,,,,,,,,,,,,,,,0,0,,,,,"天生武器, 缠斗武器",,
嘉曼玺印匕首,William Pucs (https://www.notion.so/William-Pucs-1c5d619a067b80acab49f60859dddd55?pvs=21),,,"唯一物品,琐碎,缠斗武器,",,No,No,No,No,No,No,No,,,,,,,,,,,,,,,,,,,,,,,,No,No,No,No,No,No,,,,,,,,,,,,,,-3,,,,,,,,,,,,,,,,,,,,,,,,,,,,,,,1,,3,0,,,,唯一物品,缠斗武器,琐碎,托恩 (https://www.notion.so/1b8d619a067b80a2aea2c68c1c259efd?pvs=21)
软触,William Pucs (https://www.notion.so/William-Pucs-1c5d619a067b80acab49f60859dddd55?pvs=21),Tentacle,,"缠斗武器,天生武器,",,No,No,No,No,No,No,No,,,,,,,,,,,,,,,,,,,,,,,,No,No,No,No,No,No,,,,,,,,,,,,,,,,,,,,,,,,,,,,,,,,,,,,,,,,,,,,,,,2,0,,,,,"天生武器, 缠斗武器",,
噬灵匕首,William Pucs (https://www.notion.so/William-Pucs-1c5d619a067b80acab49f60859dddd55?pvs=21),,,"魔法物品,琐碎,缠斗武器,",20000,No,No,No,No,No,No,No,,,,,,,,,,,,,,,,,,,,,,,,No,No,No,No,No,No,,,,,,,,,,,,,,-3,,,,,,,,,,,,,,,,,,,,,,,,,,,,,,,1,,6,0,2金币,,,魔法物品,缠斗武器,琐碎,
爪牙,William Pucs (https://www.notion.so/William-Pucs-1c5d619a067b80acab49f60859dddd55?pvs=21),Talon & Fangs,,"缠斗武器,天生武器,",,No,No,No,No,No,No,No,,,,,,,,,,,,,,,,,,,,,,,,No,No,No,No,No,No,,,,,,,,,,,,,,,,,,,,,,,,,,,,,,,,,,,,,,,,,,,,,,,3,0,,,,,"天生武器, 缠斗武器",,
艾罗·汉那的致命问候,William Pucs (https://www.notion.so/William-Pucs-1c5d619a067b80acab49f60859dddd55?pvs=21),,,"魔法物品,唯一物品,轻型,缠斗武器,",68000,No,No,No,No,No,No,No,,,,,,,,,,,,,,,,,,,,,,,,No,No,No,No,No,No,,,,,,,,,,,,,,-3,,,,,,,,,,,,,,,,,,,,,,,,,,,,,,,1,,15,1,6金币80银币,,,"唯一物品, 魔法物品",缠斗武器,轻型,托恩 (https://www.notion.so/1b8d619a067b80a2aea2c68c1c259efd?pvs=21)
虚灵爪,William Pucs (https://www.notion.so/William-Pucs-1c5d619a067b80acab49f60859dddd55?pvs=21),Ethereal Unguis,,"缠斗武器,天生武器,",,No,No,No,No,No,No,No,,,,,,,,,,,,,,,,,,,,,,,,No,No,No,No,No,No,,,,,,,,,,,,,,,,,,,,,,,,,,,,,,,,,,,,,,,,,,,,,,,0,0,,,,,"天生武器, 缠斗武器",,
破坏者臂铠,William Pucs (https://www.notion.so/William-Pucs-1c5d619a067b80acab49f60859dddd55?pvs=21),,,"魔法物品,轻型,缠斗武器,",120000,No,No,No,No,No,No,No,,,,,,,,,,,,,,,,,,,,,,,,No,No,No,No,No,No,,,,,,1,,,,,,,,2,,,,,,,,,,,,,,,,,,,,,,,,,,,,,,,1,,21,1,12金币,,,魔法物品,缠斗武器,轻型,
臂铠,William Pucs (https://www.notion.so/William-Pucs-1c5d619a067b80acab49f60859dddd55?pvs=21),,,"轻型,缠斗武器,",4400,No,No,No,No,No,No,No,,,,,,,,,,,,,,,,,,,,,,,,No,No,No,No,No,No,,,,,,,,,,,,,,2,,,,,,,,,,,,,,,,,,,,,,,,,,,,,,,1,,11,1,44银币,,,,缠斗武器,轻型,
拳匕,William Pucs (https://www.notion.so/William-Pucs-1c5d619a067b80acab49f60859dddd55?pvs=21),Katar,,"琐碎,缠斗武器,",3880,No,No,No,No,No,No,No,,,,,,,,,,,,,,,,,,,,,,,,No,No,No,No,No,No,,,,,,,,,,,,,,,,,,,,,,,,,,,,,,,,,,,,,,,,,,,,,1,,3,0,38银币80铜币,,,,缠斗武器,琐碎,
暗影杀戮匕首,William Pucs (https://www.notion.so/William-Pucs-1c5d619a067b80acab49f60859dddd55?pvs=21),Shadow Slaughter Dagger,,"魔法物品,唯一物品,琐碎,缠斗武器,",112000,No,No,No,No,No,No,No,,,,,,,,,,,,,,,,,,,,,,,,No,No,No,No,No,No,,,,,,,,,,,,,,-3,,,,,,,,,,,,,,,,,,,,,,,,,,,,,,,1,,15,0,11金币20银币,,,"唯一物品, 魔法物品",缠斗武器,琐碎,
灵魂撕咬之牙,William Pucs (https://www.notion.so/William-Pucs-1c5d619a067b80acab49f60859dddd55?pvs=21),Soulfang Dagger,,"魔法物品,唯一物品,琐碎,缠斗武器,",60000,No,No,No,No,No,No,No,,,,,,,,,,,,,,,,,,,,,,,,No,No,No,No,No,No,,,,,,,,,,,,,,-3,,,,,,,,,,,,,,,,,,,,,,,,,,,,,,,1,,21,0,6金币,,,"唯一物品, 魔法物品",缠斗武器,琐碎,
拳脚,William Pucs (https://www.notion.so/William-Pucs-1c5d619a067b80acab49f60859dddd55?pvs=21),Fists & Feet,,"缠斗武器,天生武器,",,No,No,No,No,No,No,No,,,,,,,,,,,,,,,,,,,,,,,,No,No,No,No,No,No,,,,,,,,,,,,,,,,,,,,,,,,,,,,,,,,,,,,,,,,,,,,,,,0,0,,,,,"天生武器, 缠斗武器",,
聚能拳掌,William Pucs (https://www.notion.so/William-Pucs-1c5d619a067b80acab49f60859dddd55?pvs=21),Meterialized Fist & Palm,,"缠斗武器,天生武器,",,No,No,No,No,No,No,No,,,,,,,,,,,,,,,,,,,,,,,,No,No,No,No,No,No,,,,,,,,,,,,,,,,,,,,,,,,,,,,,,,,,,,,,,,,,,,,,,,0,0,,,,,"天生武器, 缠斗武器",,
匕首,William Pucs (https://www.notion.so/William-Pucs-1c5d619a067b80acab49f60859dddd55?pvs=21),Dagger / Poniard,,"琐碎,缠斗武器,",1080,No,No,No,No,No,No,No,,,,,,,,,,,,,,,,,,,,,,,,No,No,No,No,No,No,,,,,,,,,,,,,,-3,,,,,,,,,,,,,,,,,,,,,,,,,,,,,,,1,,3,0,10银币80铜币,,,,缠斗武器,琐碎,
拐,William Pucs (https://www.notion.so/William-Pucs-1c5d619a067b80acab49f60859dddd55?pvs=21),Baton,,"轻型,缠斗武器,打击武器,",2400,No,No,No,No,No,No,No,,,,,,,,,,,,,,,,,,,,,,,,No,No,No,No,No,No,,,,,,,,,,,,,,1,,,,,,,,,,,,,,,,,,,,,,,,,,,,,,,1,,6,1,24银币,,,,"打击武器, 缠斗武器",轻型,
战术匕首,William Pucs (https://www.notion.so/William-Pucs-1c5d619a067b80acab49f60859dddd55?pvs=21),,,"琐碎,缠斗武器,",11200,No,No,No,No,No,No,No,,,,,,,,,,,,,,,,,,,,,,,,No,No,No,No,No,No,,,,,,,,,,,,,,-3,,,,,,,,,,,,,,,,,,,,,,,,,,,,,,,1,,3,0,1金币12银币,,,,缠斗武器,琐碎,现代 (https://www.notion.so/1bad619a067b80ff93e5de5faec280e3?pvs=21)
焕煌巨剑,William Pucs (https://www.notion.so/William-Pucs-1c5d619a067b80acab49f60859dddd55?pvs=21),,,"重型,刀剑武器,",,Yes,No,No,No,No,No,No,,,,,,,,,,,,,,,,,,,,,,,,No,No,No,No,No,No,,,,,,,,,,,,,,,,,,,,,,,,,,,,,,,,,,,,,,,,,,,,,,,16,3,,,,,刀剑武器,重型,
混种剑,William Pucs (https://www.notion.so/William-Pucs-1c5d619a067b80acab49f60859dddd55?pvs=21),,,"重型,刀剑武器,",5300,No,No,No,No,No,No,No,,,,,,,,,,,,,,,,,,,,,,,,No,No,No,No,No,No,,,,,,,,,,,,,,,,,,,,,,,,,,,,,,,,,,,,,,,,,,,,,1,,6,3,53银币,,,,刀剑武器,重型,
符文大剑,William Pucs (https://www.notion.so/William-Pucs-1c5d619a067b80acab49f60859dddd55?pvs=21),,,"魔法物品,重型,刀剑武器,",65000,No,No,No,No,No,No,No,,,,,,,,,,,,,,,,,,,,,,,,No,No,No,No,No,No,,,,,,,,,,,,,,,,,,,,,,,,,,,,,,,,,,,,,,,,,,,,,2,,18,3,6金币50银币,,,魔法物品,刀剑武器,重型,
阔刃弯刀,William Pucs (https://www.notion.so/William-Pucs-1c5d619a067b80acab49f60859dddd55?pvs=21),Scimitar,,"轻型,刀剑武器,",4200,No,No,No,No,No,No,No,,,,,,,,,,,,,,,,,,,,,,,,No,No,No,No,No,No,,,,,,,,,,,,,,,,,,,,,,,,,,,,,,,,,,,,,,,,,,,,,1,,9,1,42银币,,,,刀剑武器,轻型,
粉红毛兔兔,William Pucs (https://www.notion.so/William-Pucs-1c5d619a067b80acab49f60859dddd55?pvs=21),Pink Fluffy Bunny of Death,,"魔法物品,唯一物品,轻型,刀剑武器,",60000,No,No,No,No,No,No,No,,,,,,,,,,,,,,,,,,,,,,,,No,No,No,No,No,No,,,,,,,,,,,,,,,,,,,,,,,,,,,,,,,,,,,,,,,,,,,,,1,,10,1,6金币,,,"唯一物品, 魔法物品",刀剑武器,轻型,
军刀,William Pucs (https://www.notion.so/William-Pucs-1c5d619a067b80acab49f60859dddd55?pvs=21),Sabre,,"轻型,刀剑武器,",6400,No,No,No,No,No,No,No,,,,,,,,,,,,,,,,,,,,,,,,No,No,No,No,No,No,,,,,,,,,,,,,,,,,,,,,,,,,,,,,,,,,,,,,,,,,,,,,1,,7,1,64银币,,,,刀剑武器,轻型,
反曲弯刀,William Pucs (https://www.notion.so/William-Pucs-1c5d619a067b80acab49f60859dddd55?pvs=21),Kukri / Komti'Garl,,"轻型,刀剑武器,",7800,No,No,No,No,No,No,No,,,,,,,,,,,,,,,,,,,,,,,,No,No,No,No,No,No,,,,,,,,,,,,,,-1,,,,,,,,,,,,,,,,,,,,,,,,,,,,,,,1,,4,1,78银币,,,,刀剑武器,轻型,
艾非的鸟头刀,William Pucs (https://www.notion.so/William-Pucs-1c5d619a067b80acab49f60859dddd55?pvs=21),,,"魔法物品,唯一物品,轻型,刀剑武器,投掷武器,",40625,No,No,No,No,No,No,No,,,,,,,,,,,,,,,,,,,,,,,,No,No,No,No,No,No,,,,,,,,,,,,,,-1,,,,,,,,,,,,,,,,,,,,,,,,,,,,,,,1,,18,1,4金币6银币25铜币,,,"唯一物品, 魔法物品","刀剑武器, 投掷武器",轻型,后土 (https://www.notion.so/1b8d619a067b80169bc3cf9b17da0c40?pvs=21)
奥法斗剑,William Pucs (https://www.notion.so/William-Pucs-1c5d619a067b80acab49f60859dddd55?pvs=21),Rapier of Arcanum,,"魔法物品,轻型,刀剑武器,",60000,No,No,No,No,No,No,No,,,,,,,,,,,,,,,,,,,,,,,,No,No,No,No,No,No,,,,,,,,,,,,,,,,,,,,,,,,,,,,,,,,,,,,,,,,,,,,,1,,10,1,6金币,,,魔法物品,刀剑武器,轻型,
副手短剑,William Pucs (https://www.notion.so/William-Pucs-1c5d619a067b80acab49f60859dddd55?pvs=21),Main Gauche,,"轻型,刀剑武器,",2000,No,No,No,No,No,No,No,,,,,,,,,,,,,,,,,,,,,,,,No,No,No,No,No,No,,,,,,,,,,,,,,-1,,,,,,,,,,,,,,,,,,,,,,,,,,,,,,,1,,4,1,20银币,,,,刀剑武器,轻型,
瓦·赫曼之剑,William Pucs (https://www.notion.so/William-Pucs-1c5d619a067b80acab49f60859dddd55?pvs=21),,,"魔法物品,唯一物品,轻型,刀剑武器,",150000,No,No,No,No,No,No,No,,,,,,,,,,,,,,,,,,,,,,,,No,No,No,No,No,No,,,,,,1,,,,,,1,,,,,,,,,,,,,,,,,,,,,,,,,,,,,,,,,2,,27,1,15金币,,,"唯一物品, 魔法物品",刀剑武器,轻型,托恩 (https://www.notion.so/1b8d619a067b80a2aea2c68c1c259efd?pvs=21)
直背砍刀,William Pucs (https://www.notion.so/William-Pucs-1c5d619a067b80acab49f60859dddd55?pvs=21),Machete / Falchion,,"轻型,刀剑武器,",8000,No,No,No,No,No,No,No,,,,,,,,,,,,,,,,,,,,,,,,No,No,No,No,No,No,,,,,,,,,,,,,,,,,,,,,,,,,,,,,,,,,,,,,,,,,,,,,1,,5,1,80银币,,,,刀剑武器,轻型,
短剑,William Pucs (https://www.notion.so/William-Pucs-1c5d619a067b80acab49f60859dddd55?pvs=21),Gladius / Short Sword,,"轻型,刀剑武器,",2500,No,No,No,No,No,No,No,,,,,,,,,,,,,,,,,,,,,,,,No,No,No,No,No,No,,,,,,,,,,,,,,-1,,,,,,,,,,,,,,,,,,,,,,,,,,,,,,,1,,5,1,25银币,,,,刀剑武器,轻型,
大剑,William Pucs (https://www.notion.so/William-Pucs-1c5d619a067b80acab49f60859dddd55?pvs=21),Great Sword / Two Handed Sword,,"重型,刀剑武器,",12000,No,No,No,No,No,No,No,,,,,,,,,,,,,,,,,,,,,,,,No,No,No,No,No,No,,,,,,,,,,,,,,,,,,,,,,,,,,,,,,,,,,,,,,,,,,,,,2,,8,3,1金币20银币,,,,刀剑武器,重型,
长剑,William Pucs (https://www.notion.so/William-Pucs-1c5d619a067b80acab49f60859dddd55?pvs=21),Long Sword,,"轻型,刀剑武器,",3400,No,No,No,No,No,No,No,,,,,,,,,,,,,,,,,,,,,,,,No,No,No,No,No,No,,,,,,,,,,,,,,,,,,,,,,,,,,,,,,,,,,,,,,,,,,,,,1,,7,1,34银币,,,,刀剑武器,轻型,
刺剑,William Pucs (https://www.notion.so/William-Pucs-1c5d619a067b80acab49f60859dddd55?pvs=21),Rapier / Estoc,,"轻型,刀剑武器,",6400,No,No,No,No,No,No,No,,,,,,,,,,,,,,,,,,,,,,,,No,No,No,No,No,No,,,,,,,,,,,,,,-2,,,,,,,,,,,,,,,,,,,,,,,,,,,,,,,1,,8,1,64银币,,,,刀剑武器,轻型,
扳手,William Pucs (https://www.notion.so/William-Pucs-1c5d619a067b80acab49f60859dddd55?pvs=21),,,"轻型,打击武器,工具,",500,No,No,No,No,No,No,No,,,,,,,,,,,,,,,,,,,,,,,,No,No,No,No,No,No,,,,,,,,,,,,,,-2,,,,,,,,,,,,,,,,,,,,,,,,,,,,,,,1,,1,1,5银币,,,,"工具, 打击武器",轻型,
蓝色蔷薇之锤,William Pucs (https://www.notion.so/William-Pucs-1c5d619a067b80acab49f60859dddd55?pvs=21),,,"魔法物品,唯一物品,轻型,打击武器,",58000,No,No,No,No,No,No,No,,,,,,,,,,,,,,,,,,,,,,,,No,No,No,No,No,No,,,,,1,,,,,,,,,,,,,,,,,,,,,,,,,,,,,,,,,,,,,,,,1,,24,1,5金币80银币,,,"唯一物品, 魔法物品",打击武器,轻型,
重型战锤,William Pucs (https://www.notion.so/William-Pucs-1c5d619a067b80acab49f60859dddd55?pvs=21),Heavy War Hammer,,"重型,打击武器,",10000,No,No,No,No,No,No,No,,,,,,,,,,,,,,,,,,,,,,,,No,No,No,No,No,No,,,,,,,,,,,,,,,,,,,,,,,,,,,,,,,,,,,,,,,,,,,,,2,,10,3,1金币,,,,打击武器,重型,
长柄战斧,William Pucs (https://www.notion.so/William-Pucs-1c5d619a067b80acab49f60859dddd55?pvs=21),Poleaxe,,"重型,打击武器,长柄武器,",8400,No,No,No,No,No,No,No,,,,,,,,,,,,,,,,,,,,,,,,No,No,No,No,No,No,,,,,,,,,,,,,,,,,,,,,,,,,,,,,,,,,,,,,,,,,,,,,2,,8,3,84银币,,,,"打击武器, 长柄武器",重型,
权杖,William Pucs (https://www.notion.so/William-Pucs-1c5d619a067b80acab49f60859dddd55?pvs=21),Scepter,,"轻型,打击武器,",1100,No,No,No,No,No,No,No,,,,,,,,,,,,,,,,,,,,,,,,No,No,No,No,No,No,,,,,,,,,,,,,,,,,,,,,,,,,,,,,,,,,,,,,,,,,,,,,1,,6,1,11银币,,,,打击武器,轻型,
链球连枷,William Pucs (https://www.notion.so/William-Pucs-1c5d619a067b80acab49f60859dddd55?pvs=21),Chain Mace / Morning Star / Ball and Chain Flail,,"轻型,打击武器,挥甩武器,",7350,No,No,No,No,No,No,No,,,,,,,,,,,,,,,,,,,,,,,,No,No,No,No,No,No,,,,,,,,,,,,,,-2,,,,,,,,,,,,,,,,,,,,,,,,,,,,,,,1,,6,1,73银币50铜币,,,,"打击武器, 挥甩武器",轻型,
掷斧,William Pucs (https://www.notion.so/William-Pucs-1c5d619a067b80acab49f60859dddd55?pvs=21),Throwing Axe,,"轻型,打击武器,投掷武器,",6000,No,No,No,No,No,No,No,,,,,,,,,,,,,,,,,,,,,,,,No,No,No,No,No,No,,,,,,,,,,,,,,-2,,,,,,,,,,,,,,,,,,,,,,,,,,,,,,,1,,8,1,60银币,,,,"打击武器, 投掷武器",轻型,
连枷,William Pucs (https://www.notion.so/William-Pucs-1c5d619a067b80acab49f60859dddd55?pvs=21),Chainsticks / Nunchaku,,"轻型,打击武器,挥甩武器,",2000,No,No,No,No,No,No,No,,,,,,,,,,,,,,,,,,,,,,,,No,No,No,No,No,No,,,,,,,,,,,,,,-2,,,,,,,,,,,,,,,,,,,,,,,,,,,,,,,1,,6,1,20银币,,,,"打击武器, 挥甩武器",轻型,
长棍,William Pucs (https://www.notion.so/William-Pucs-1c5d619a067b80acab49f60859dddd55?pvs=21),Quarterstaff,,"轻型,打击武器,",2400,No,No,No,No,No,No,No,,,,,,,,,,,,,,,,,,,,,,,,No,No,No,No,No,No,,,,,,,,,,,,,,,,,,,,,,,,,,,,,,,,,,,,,,,,,,,,,2,,4,1,24银币,,,,打击武器,轻型,
棍棒,William Pucs (https://www.notion.so/William-Pucs-1c5d619a067b80acab49f60859dddd55?pvs=21),Club,,"轻型,打击武器,",550,No,No,No,No,No,No,No,,,,,,,,,,,,,,,,,,,,,,,,No,No,No,No,No,No,,,,,,,,,,,,,,,,,,,,,,,,,,,,,,,,,,,,,,,,,,,,,1,,3,1,5银币50铜币,,,,打击武器,轻型,
战锤,William Pucs (https://www.notion.so/William-Pucs-1c5d619a067b80acab49f60859dddd55?pvs=21),War Hammer,,"轻型,打击武器,",6800,No,No,No,No,No,No,No,,,,,,,,,,,,,,,,,,,,,,,,No,No,No,No,No,No,,,,,,,,,,,,,,,,,,,,,,,,,,,,,,,,,,,,,,,,,,,,,1,,7,1,68银币,,,,打击武器,轻型,
末日撕裂战斧,William Pucs (https://www.notion.so/William-Pucs-1c5d619a067b80acab49f60859dddd55?pvs=21),Doomrend Battleaxe,,"魔法物品,轻型,打击武器,",180000,No,No,No,No,No,No,No,,,,,,,,,,,,,,,,,,,,,,,,No,No,No,No,No,No,,,,,,,,,,,,,,,,,,,,,,,,,,,,,,,,,,,,,,,,,,,,,1,,29,1,18金币,姿势 (https://www.notion.so/1b3d619a067b8047aba0ea5cdf73db89?pvs=21),,魔法物品,打击武器,轻型,
不可撼动之杖,William Pucs (https://www.notion.so/William-Pucs-1c5d619a067b80acab49f60859dddd55?pvs=21),Unshakable Staff,,"魔法物品,轻型,打击武器,长柄武器,",160000,No,No,No,No,No,No,No,,,,,,,,,,,,,,,,,,,,,,,,No,No,No,No,No,No,,,,,,,,,,,,1,,,,,,,,,,,,,,,,,,,,,,,,,,,,,,,,,2,,22,1,16金币,,,魔法物品,"打击武器, 长柄武器",轻型,
镐,William Pucs (https://www.notion.so/William-Pucs-1c5d619a067b80acab49f60859dddd55?pvs=21),Pickaxe,,"轻型,打击武器,",1600,No,No,No,No,No,No,No,,,,,,,,,,,,,,,,,,,,,,,,No,No,No,No,No,No,,,,,,,,,,,,,,,,,,,,,,,,,,,,,,,,,,,,,,,,,,,,,1,,7,1,16银币,,,,打击武器,轻型,
战斧,William Pucs (https://www.notion.so/William-Pucs-1c5d619a067b80acab49f60859dddd55?pvs=21),Battle Axe,,"轻型,打击武器,",6800,No,No,No,No,No,No,No,,,,,,,,,,,,,,,,,,,,,,,,No,No,No,No,No,No,,,,,,,,,,,,,,,,,,,,,,,,,,,,,,,,,,,,,,,,,,,,,1,,8,1,68银币,,,,打击武器,轻型,
九节鞭,William Pucs (https://www.notion.so/William-Pucs-1c5d619a067b80acab49f60859dddd55?pvs=21),,,"轻型,挥甩武器,打击武器,",5000,No,No,No,No,No,No,No,,,,,,,,,,,,,,,,,,,,,,,,No,No,No,No,No,No,,,,,,,,,,,,,,,,,,,,,,,,,,,,,,,,,,,,,,,,,,,,,1,,9,1,50银币,,,,"打击武器, 挥甩武器",轻型,
捕兽绳,William Pucs (https://www.notion.so/William-Pucs-1c5d619a067b80acab49f60859dddd55?pvs=21),,,"轻型,挥甩武器,",380,No,No,No,No,No,No,No,,,,,,,,,,,,,,,,,,,,,,,,No,No,No,No,No,No,,,,,,,,,,,,,,-3,,,,,,,,,,,,,,,,,,,,,,,,,,,,,,,1,,0,1,3银币80铜币,姿势 (https://www.notion.so/1b3d619a067b8047aba0ea5cdf73db89?pvs=21),,,挥甩武器,轻型,
长鞭,William Pucs (https://www.notion.so/William-Pucs-1c5d619a067b80acab49f60859dddd55?pvs=21),Bullwhip,,"轻型,挥甩武器,",3320,No,No,No,No,No,No,No,,,,,,,,,,,,,,,,,,,,,,,,No,No,No,No,No,No,,,,,,,,,,,,,,-3,,,,,,,,,,,,,,,,,,,,,,,,,,,,,,,1,,1,1,33银币20铜币,,,,挥甩武器,轻型,
长柄连枷,William Pucs (https://www.notion.so/William-Pucs-1c5d619a067b80acab49f60859dddd55?pvs=21),Long-handled Flail,,"重型,挥甩武器,长柄武器,打击武器,",4200,No,No,No,No,No,No,No,,,,,,,,,,,,,,,,,,,,,,,,No,No,No,No,No,No,,,,,,,,,,,,,,,,,,,,,,,,,,,,,,,,,,,,,,,,,,,,,2,,7,3,42银币,,,,"打击武器, 挥甩武器, 长柄武器",重型,
短鞭,William Pucs (https://www.notion.so/William-Pucs-1c5d619a067b80acab49f60859dddd55?pvs=21),Crop / Kamcha,,"轻型,挥甩武器,",2080,No,No,No,No,No,No,No,,,,,,,,,,,,,,,,,,,,,,,,No,No,No,No,No,No,,,,,,,,,,,,,,-3,,,,,,,,,,,,,,,,,,,,,,,,,,,,,,,1,,6,1,20银币80铜币,,,,挥甩武器,轻型,
刺链,William Pucs (https://www.notion.so/William-Pucs-1c5d619a067b80acab49f60859dddd55?pvs=21),Thorn Chain,,"轻型,挥甩武器,",8500,No,No,No,No,No,No,No,,,,,,,,,,,,,,,,,,,,,,,,No,No,No,No,No,No,,,,,,,,,,,,,,-2,,,,,,,,,,,,,,,,,,,,,,,,,,,,,,,2,,9,1,85银币,姿势 (https://www.notion.so/1b3d619a067b8047aba0ea5cdf73db89?pvs=21),,,挥甩武器,轻型,
长柄砍刀,William Pucs (https://www.notion.so/William-Pucs-1c5d619a067b80acab49f60859dddd55?pvs=21),,,"重型,长柄武器,刀剑武器,",6000,No,No,No,No,No,No,No,,,,,,,,,,,,,,,,,,,,,,,,No,No,No,No,No,No,,,,,,,,,,,,,,,,,,,,,,,,,,,,,,,,,,,,,,,,,,,,,2,,8,3,60银币,,,,"刀剑武器, 长柄武器",重型,
战戟,William Pucs (https://www.notion.so/William-Pucs-1c5d619a067b80acab49f60859dddd55?pvs=21),,,"重型,长柄武器,",8200,No,No,No,No,No,No,No,,,,,,,,,,,,,,,,,,,,,,,,No,No,No,No,No,No,,,,,,,,,,,,,,1,,,,,,,,,,,,,,,,,,,,,,,,,,,,,,,2,,9,3,82银币,,,,长柄武器,重型,
爬虫猎手,William Pucs (https://www.notion.so/William-Pucs-1c5d619a067b80acab49f60859dddd55?pvs=21),,,"魔法物品,重型,长柄武器,",11500,No,No,No,No,No,No,No,,,,,,,,,,,,,,,,,,,,,,,,No,No,No,No,No,No,,,,,,,,,,,,,,,,,,,,,,,,,,,,,,,,,,,,,,,,,,,,,2,,10,3,1金币15银币,,,魔法物品,长柄武器,重型,
破甲长枪,William Pucs (https://www.notion.so/William-Pucs-1c5d619a067b80acab49f60859dddd55?pvs=21),Breach Pike,,"重型,长柄武器,",10000,No,No,No,No,No,No,No,,,,,,,,,,,,,,,,,,,,,,,,No,No,No,No,No,No,,,,,,,,,,,,,,,,,,,,,,,,,,,,,,,,,,,,,,,,,,,,,2,,11,3,1金币,,,,长柄武器,重型,
长矛,William Pucs (https://www.notion.so/William-Pucs-1c5d619a067b80acab49f60859dddd55?pvs=21),Long Spear,,"重型,长柄武器,",2800,No,No,No,No,No,No,No,,,,,,,,,,,,,,,,,,,,,,,,No,No,No,No,No,No,,,,,,,,,,,,,,,,,,,,,,,,,,,,,,,,,,,,,,,,,,,,,2,,7,3,28银币,,,,长柄武器,重型,
短矛,William Pucs (https://www.notion.so/William-Pucs-1c5d619a067b80acab49f60859dddd55?pvs=21),Short Spear,,"轻型,长柄武器,",5100,No,No,No,No,No,No,No,,,,,,,,,,,,,,,,,,,,,,,,No,No,No,No,No,No,,,,,,,,,,,,,,,,,,,,,,,,,,,,,,,,,,,,,,,,,,,,,1,,8,1,51银币,,,,长柄武器,轻型,
浸血龙头盾牌,William Pucs (https://www.notion.so/William-Pucs-1c5d619a067b80acab49f60859dddd55?pvs=21),,,"魔法物品,轻型,盾牌,",75800,No,No,No,No,No,No,No,,,,,,,,,,,,,,,,,,,,,,,,No,No,No,No,No,No,,,,,1,,,,,,,,1,3,,,,,,,,,,,,,,,,,,,,,,,,,,,,,,,1,,20,1,7金币58银币,,,魔法物品,盾牌,轻型,
臂盾,William Pucs (https://www.notion.so/William-Pucs-1c5d619a067b80acab49f60859dddd55?pvs=21),,,"轻型,盾牌,",6800,No,No,No,No,No,No,No,,,,,,,,,,,,,,,,,,,,,,,,No,No,No,No,No,No,,,,,,,,,,,,,,,,,,,,,,,,,,,,,,,,,,,,,,,,,,,,,1,,5,1,68银币,,,,盾牌,轻型,
塔盾,William Pucs (https://www.notion.so/William-Pucs-1c5d619a067b80acab49f60859dddd55?pvs=21),Pavise / Tower Shield,,"重型,盾牌,",13500,No,No,No,No,No,No,No,,,,,,,,,,,,,,,,,,,,,,,,No,No,No,No,No,No,,,,,1,,,,,,,,1,4,,,,,,,,,,,,,,,,,,,,,,,,,,,,,,,1,,3,3,1金币35银币,,,,盾牌,重型,
大型圆盾,William Pucs (https://www.notion.so/William-Pucs-1c5d619a067b80acab49f60859dddd55?pvs=21),Rondache / Large Round Shield,,"轻型,盾牌,",8000,No,No,No,No,No,No,No,,,,,,,,,,,,,,,,,,,,,,,,No,No,No,No,No,No,,,,,,,,,,,,,1,3,,,,,,,,,,,,,,,,,,,,,,,,,,,,,,,1,,8,1,80银币,,,,盾牌,轻型,
轻型圆盾,William Pucs (https://www.notion.so/William-Pucs-1c5d619a067b80acab49f60859dddd55?pvs=21),Round Targe / Small Round Shield,,"轻型,盾牌,",7800,No,No,No,No,No,No,No,,,,,,,,,,,,,,,,,,,,,,,,No,No,No,No,No,No,,,,,,,,,,,,,1,2,,,,,,,,,,,,,,,,,,,,,,,,,,,,,,,1,,6,1,78银币,,,,盾牌,轻型,
小圆盾,William Pucs (https://www.notion.so/William-Pucs-1c5d619a067b80acab49f60859dddd55?pvs=21),Buckler,,"轻型,盾牌,",1400,No,No,No,No,No,No,No,,,,,,,,,,,,,,,,,,,,,,,,No,No,No,No,No,No,,,,,,,,,,,,,,,,,,,,,,,,,,,,,,,,,,,,,,,,,,,,,1,,5,1,14银币,,,,盾牌,轻型,
全身大盾,William Pucs (https://www.notion.so/William-Pucs-1c5d619a067b80acab49f60859dddd55?pvs=21),Full-body Shield,,"重型,盾牌,",18000,No,No,No,No,No,No,No,,,,,,,,,,,,,,,,,,,,,,,,No,No,No,No,No,No,,,,,2,,,,,,2,,2,,,,,,,,,,,,,,,,,,,,,,,,,,,,,,,,2,,6,3,1金币80银币,,,,盾牌,重型,
猎隼长弓,William Pucs (https://www.notion.so/William-Pucs-1c5d619a067b80acab49f60859dddd55?pvs=21),,,"魔法物品,轻型,射击武器,",47000,No,No,No,No,No,No,No,,,,,,,,,,,,,,,,,,,,,,,,No,No,No,No,No,No,1,,,,,,,,,,,,,-2,,,,,,,,,,,,,,,,,,,,,,,,,,,,,,,2,,6,1,4金币70银币,,,魔法物品,射击武器,轻型,
复合长弓,William Pucs (https://www.notion.so/William-Pucs-1c5d619a067b80acab49f60859dddd55?pvs=21),Composite Longbow,,"重型,射击武器,",10400,No,No,No,No,No,No,No,,,,,,,,,,,,,,,,,,,,,,,,No,No,No,No,No,No,,,,,,,,,,,,,,-2,,,,,,,,,,,,,,,,,,,,,,,,,,,,,,,2,,7,3,1金币4银币,,,,射击武器,重型,
短弓,William Pucs (https://www.notion.so/William-Pucs-1c5d619a067b80acab49f60859dddd55?pvs=21),Short Bow,,"轻型,射击武器,",1200,No,No,No,No,No,No,No,,,,,,,,,,,,,,,,,,,,,,,,No,No,No,No,No,No,,,,,,,,,,,,,,-2,,,,,,,,,,,,,,,,,,,,,,,,,,,,,,,2,,4,1,12银币,,,,射击武器,轻型,
轻型弩,William Pucs (https://www.notion.so/William-Pucs-1c5d619a067b80acab49f60859dddd55?pvs=21),Light Crossbow,,"轻型,射击武器,",1100,No,No,No,No,No,No,No,,,,,,,,,,,,,,,,,,,,,,,,No,No,No,No,No,No,,,,,,,,,,,,,,-2,,,,,,,,,,,,,,,,,,,,,,,,,,,,,,,1,,6,1,11银币,,,,射击武器,轻型,
长弓,William Pucs (https://www.notion.so/William-Pucs-1c5d619a067b80acab49f60859dddd55?pvs=21),Longbow,,"轻型,射击武器,",3000,No,No,No,No,No,No,No,,,,,,,,,,,,,,,,,,,,,,,,No,No,No,No,No,No,,,,,,,,,,,,,,-2,,,,,,,,,,,,,,,,,,,,,,,,,,,,,,,2,,6,1,30银币,,,,射击武器,轻型,
连射弩,William Pucs (https://www.notion.so/William-Pucs-1c5d619a067b80acab49f60859dddd55?pvs=21),Repeating Crossbow,,"轻型,射击武器,",24000,No,No,No,No,No,No,No,,,,,,,,,,,,,,,,,,,,,,,,No,No,No,No,No,No,,,,,,,,,,,,,,-2,,,,,,,,,,,,,,,,,,,,,,,,,,,,,,,2,,12,1,2金币40银币,,,,射击武器,轻型,
9mm冲锋枪,William Pucs (https://www.notion.so/William-Pucs-1c5d619a067b80acab49f60859dddd55?pvs=21),,,"轻型,射击武器,",60000,No,No,No,No,No,No,No,,,,,,,,,,,,,,,,,,,,,,,,No,No,No,No,No,No,,,,,,,,,,,,,,-2,,,,,,,,,,,,,,,,,,,,,,,,,,,,,,,2,,15,1,6金币,朝向 (https://www.notion.so/1b3d619a067b807ea09ef439701e3852?pvs=21),,,射击武器,轻型,现代 (https://www.notion.so/1bad619a067b80ff93e5de5faec280e3?pvs=21)
喷火器,William Pucs (https://www.notion.so/William-Pucs-1c5d619a067b80acab49f60859dddd55?pvs=21),Flamethrower,,"重型,射击武器,",100000,No,No,No,No,No,No,No,,,,,,,,,,,,,,,,,,,,,,,,No,No,No,No,No,No,,,,-3,,,-1,,,,,,,,,,,,,,,,,,,,,,,,,,,,,,,,,,,,,,2,,16,3,10金币,,,,射击武器,重型,现代 (https://www.notion.so/1bad619a067b80ff93e5de5faec280e3?pvs=21)
霰弹枪,William Pucs (https://www.notion.so/William-Pucs-1c5d619a067b80acab49f60859dddd55?pvs=21),Shotgun,,"轻型,射击武器,",18000,No,No,No,No,No,No,No,,,,,,,,,,,,,,,,,,,,,,,,No,No,No,No,No,No,,,,,,,,,,,,,,,,,,,,,,,,,,,,,,,,,,,,,,,,,,,,,2,,12,1,1金币80银币,,,,射击武器,轻型,现代 (https://www.notion.so/1bad619a067b80ff93e5de5faec280e3?pvs=21)
9mm转轮手枪,William Pucs (https://www.notion.so/William-Pucs-1c5d619a067b80acab49f60859dddd55?pvs=21),9mm Revolver,,"轻型,射击武器,",18000,No,No,No,No,No,No,No,,,,,,,,,,,,,,,,,,,,,,,,No,No,No,No,No,No,,,,,,,,,,,,,,,,,,,,,,,,,,,,,,,,,,,,,,,,,,,,,1,,5,1,1金币80银币,,,,射击武器,轻型,现代 (https://www.notion.so/1bad619a067b80ff93e5de5faec280e3?pvs=21)
飞镖,William Pucs (https://www.notion.so/William-Pucs-1c5d619a067b80acab49f60859dddd55?pvs=21),,,"琐碎,投掷武器,",100,No,No,No,No,No,No,No,,,,,,,,,,,,,,,,,,,,,,,,No,No,No,No,No,No,,,,,,,,,,,,,,,,,,,,,,,,,,,,,,,,,,,,,,,,,,,,,1,,3,0,1银币,,,,投掷武器,琐碎,
轻标枪,William Pucs (https://www.notion.so/William-Pucs-1c5d619a067b80acab49f60859dddd55?pvs=21),,,"轻型,投掷武器,",600,No,No,No,No,No,No,No,,,,,,,,,,,,,,,,,,,,,,,,No,No,No,No,No,No,,,,,,,,,,,,,,-2,,,,,,,,,,,,,,,,,,,,,,,,,,,,,,,1,,7,1,6银币,,,,投掷武器,轻型,
乌图尔之矛,William Pucs (https://www.notion.so/William-Pucs-1c5d619a067b80acab49f60859dddd55?pvs=21),,,"魔法物品,唯一物品,轻型,投掷武器,",80000,No,No,No,No,No,No,No,,,,,,,,,,,,,,,,,,,,,,,,No,No,No,No,No,No,1,,,,,1,,,,,,-1,,,,,,,,,,,,,,,,,,,,,,,,,,,,,,,,,1,,10,1,8金币,,,"唯一物品, 魔法物品",投掷武器,轻型,后土 (https://www.notion.so/1b8d619a067b80169bc3cf9b17da0c40?pvs=21)
投石索,William Pucs (https://www.notion.so/William-Pucs-1c5d619a067b80acab49f60859dddd55?pvs=21),,,"轻型,投掷武器,",140,No,No,No,No,No,No,No,,,,,,,,,,,,,,,,,,,,,,,,No,No,No,No,No,No,,,,,,,,,,,,,,,,,,,,,,,,,,,,,,,,,,,,,,,,,,,,,1,,2,1,1银币40铜币,,,,投掷武器,轻型,
破片手雷,William Pucs (https://www.notion.so/William-Pucs-1c5d619a067b80acab49f60859dddd55?pvs=21),Fragment Grenade,,"琐碎,投掷武器,",2000,No,No,No,No,No,No,No,,,,,,,,,,,,,,,,,,,,,,,,No,No,No,No,No,No,,,,,,,,,,,,,,,,,,,,,,,,,,,,,,,,,,,,,,,,,,,,,,3,,0,20银币,,,,投掷武器,琐碎,现代 (https://www.notion.so/1bad619a067b80ff93e5de5faec280e3?pvs=21)
寒冰手雷,William Pucs (https://www.notion.so/William-Pucs-1c5d619a067b80acab49f60859dddd55?pvs=21),Cryo-Grenade,,"琐碎,投掷武器,",22000,No,No,No,No,No,No,No,,,,,,,,,,,,,,,,,,,,,,,,No,No,No,No,No,No,,,,,,,,,,,,,,,,,,,,,,,,,,,,,,,,,,,,,,,,,,,,,,4,,0,2金币20银币,环境要素 (https://www.notion.so/1b4d619a067b800bbe9ad43d1653d66a?pvs=21),,,投掷武器,琐碎,现代 (https://www.notion.so/1bad619a067b80ff93e5de5faec280e3?pvs=21)
水晶腕炮,William Pucs (https://www.notion.so/William-Pucs-1c5d619a067b80acab49f60859dddd55?pvs=21),Crystal Arm-cannon,,"魔法物品,轻型,隔空武器,异种武器,异种饰品,",100000,No,No,No,No,No,No,No,,,,,,,,,,,,,,,,,,,,,,,,No,No,No,No,No,No,,,,,,,,,,,,,,,,,,,,,,,,,,,,,,1,,,,,,,,,,,,,,,,,12,1,10金币,,,魔法物品,"异种武器, 异种饰品, 隔空武器",轻型,
石弹,William Pucs (https://www.notion.so/William-Pucs-1c5d619a067b80acab49f60859dddd55?pvs=21),,,"琐碎,弹药,投掷武器,",40,No,No,No,No,No,No,No,,,,,,,,,,,,,,,,,,,,,,,,No,No,No,No,No,No,,,,,,,,,,,,,,,,,,,,,,,,,,,,,,,,,,,,,,,,,,,,,,3,,0,40铜币,,,,"弹药, 投掷武器",琐碎,
穿甲箭,William Pucs (https://www.notion.so/William-Pucs-1c5d619a067b80acab49f60859dddd55?pvs=21),Armor Piercing Arrow,,"魔法物品,琐碎,弹药,",300,No,No,No,No,No,No,No,,,,,,,,,,,,,,,,,,,,,,,,No,No,No,No,No,No,,,,,,,,,,,,,,,,,,,,,,,,,,,,,,,,,,,,,,,,,,,,,,,,0,3银币,,,魔法物品,弹药,琐碎,
9mm子弹（平头）,William Pucs (https://www.notion.so/William-Pucs-1c5d619a067b80acab49f60859dddd55?pvs=21),9mm Flat-Nose Round,,"琐碎,弹药,",600,No,No,No,No,No,No,No,,,,,,,,,,,,,,,,,,,,,,,,No,No,No,No,No,No,,,,,,,,,,,,,,,,,,,,,,,,,,,,,,,,,,,,,,,,,,,,,,,,0,6银币,,,,弹药,琐碎,现代 (https://www.notion.so/1bad619a067b80ff93e5de5faec280e3?pvs=21)
追风矢,William Pucs (https://www.notion.so/William-Pucs-1c5d619a067b80acab49f60859dddd55?pvs=21),Windy Bolt,,"魔法物品,琐碎,弹药,",4000,No,No,No,No,No,No,No,,,,,,,,,,,,,,,,,,,,,,,,No,No,No,No,No,No,,,,,,,,,,,,,,,,,,,,,,,,,,,,,,,,,,,,,,,,,,,,,,,,0,40银币,,,魔法物品,弹药,琐碎,
喷火器燃料,William Pucs (https://www.notion.so/William-Pucs-1c5d619a067b80acab49f60859dddd55?pvs=21),Flamethrower Fuel ,,"轻型,弹药,",8000,No,No,No,No,No,No,No,,,,,,,,,,,,,,,,,,,,,,,,No,No,No,No,No,No,,,,,,,,,,,,,,,,,,,,,,,,,,,,,,,,,,,,,,,,,,,,,,,,1,80银币,,,,弹药,轻型,现代 (https://www.notion.so/1bad619a067b80ff93e5de5faec280e3?pvs=21)
霰弹,William Pucs (https://www.notion.so/William-Pucs-1c5d619a067b80acab49f60859dddd55?pvs=21),Shotgun Shell,,"琐碎,弹药,",520,No,No,No,No,No,No,No,,,,,,,,,,,,,,,,,,,,,,,,No,No,No,No,No,No,,,,,,,,,,,,,,,,,,,,,,,,,,,,,,,,,,,,,,,,,,,,,,,,0,5银币20铜币,,,,弹药,琐碎,现代 (https://www.notion.so/1bad619a067b80ff93e5de5faec280e3?pvs=21)
9mm子弹（穿甲）,William Pucs (https://www.notion.so/William-Pucs-1c5d619a067b80acab49f60859dddd55?pvs=21),9mm Armor-Piercing Round,,"琐碎,弹药,",600,No,No,No,No,No,No,No,,,,,,,,,,,,,,,,,,,,,,,,No,No,No,No,No,No,,,,,,,,,,,,,,,,,,,,,,,,,,,,,,,,,,,,,,,,,,,,,,,,0,6银币,,,,弹药,琐碎,现代 (https://www.notion.so/1bad619a067b80ff93e5de5faec280e3?pvs=21)
9mm子弹,William Pucs (https://www.notion.so/William-Pucs-1c5d619a067b80acab49f60859dddd55?pvs=21),9mm Round,,"琐碎,弹药,",400,No,No,No,No,No,No,No,,,,,,,,,,,,,,,,,,,,,,,,No,No,No,No,No,No,,,,,,,,,,,,,,,,,,,,,,,,,,,,,,,,,,,,,,,,,,,,,,,,0,4银币,,,,弹药,琐碎,现代 (https://www.notion.so/1bad619a067b80ff93e5de5faec280e3?pvs=21)
灼烧箭,William Pucs (https://www.notion.so/William-Pucs-1c5d619a067b80acab49f60859dddd55?pvs=21),Flaming Arrow,,"魔法物品,琐碎,弹药,",4000,No,No,No,No,No,No,No,,,,,,,,,,,,,,,,,,,,,,,,No,No,No,No,No,No,,,,,,,,,,,,,,,,,,,,,,,,,,,,,,,,,,,,,,,,,,,,,,,,0,40银币,,,魔法物品,弹药,琐碎,
箭支,William Pucs (https://www.notion.so/William-Pucs-1c5d619a067b80acab49f60859dddd55?pvs=21),Arrow,,"琐碎,弹药,",60,No,No,No,No,No,No,No,,,,,,,,,,,,,,,,,,,,,,,,No,No,No,No,No,No,,,,,,,,,,,,,,,,,,,,,,,,,,,,,,,,,,,,,,,,,,,,,,,,0,60铜币,,,,弹药,琐碎,
弩矢,William Pucs (https://www.notion.so/William-Pucs-1c5d619a067b80acab49f60859dddd55?pvs=21),Bolt / Quarrel,,"琐碎,弹药,",80,No,No,No,No,No,No,No,,,,,,,,,,,,,,,,,,,,,,,,No,No,No,No,No,No,,,,,,,,,,,,,,,,,,,,,,,,,,,,,,,,,,,,,,,,,,,,,,,,0,80铜币,,,,弹药,琐碎,
淬毒矢,William Pucs (https://www.notion.so/William-Pucs-1c5d619a067b80acab49f60859dddd55?pvs=21),Bolt / Quarrel,,"琐碎,弹药,",1200,No,No,No,No,No,No,No,,,,,,,,,,,,,,,,,,,,,,,,No,No,No,No,No,No,,,,,,,,,,,,,,,,,,,,,,,,,,,,,,,,,,,,,,,,,,,,,,,,0,12银币,,,,弹药,琐碎,
永恒流银,William Pucs (https://www.notion.so/William-Pucs-1c5d619a067b80acab49f60859dddd55?pvs=21),,,"魔法物品,轻型,异种武器,",200000,No,No,No,No,No,No,No,,,,,,,,,,,,,,,,,,,,,,,,No,No,No,No,No,No,,,,,,,,,,,,,,,,,,,,,,,,,,,,,,,,,,,,,,,,,,,,,,,6,1,20金币,,,魔法物品,异种武器,轻型,
轻摇曼舞之箭,William Pucs (https://www.notion.so/William-Pucs-1c5d619a067b80acab49f60859dddd55?pvs=21),,,"魔法物品,唯一物品,琐碎,异种武器,",140000,No,No,No,No,No,No,No,,,,,,,,,,,,,,,,,,,,,,,,No,No,No,No,No,No,,,,,,,,,,,,,,,,,,,,,,,,,,,,,,,,,,,,,,,,,,,,,,,11,0,14金币,,,"唯一物品, 魔法物品",异种武器,琐碎,托恩 (https://www.notion.so/1b8d619a067b80a2aea2c68c1c259efd?pvs=21)
熔岩肢体,William Pucs (https://www.notion.so/William-Pucs-1c5d619a067b80acab49f60859dddd55?pvs=21),,,"天生武器,缠斗武器,挥甩武器,",,Yes,No,No,No,No,No,No,,,,,,,,,,,,,,,,,,,,,,,,No,No,No,No,No,No,,,,,,,,,,,,,,,,,,,,,,,,,,,,,,,,,,,,,,,,,,,,,,,0,0,,,,,"天生武器, 挥甩武器, 缠斗武器",,
蠕虫口器,William Pucs (https://www.notion.so/William-Pucs-1c5d619a067b80acab49f60859dddd55?pvs=21),,,"天生武器,缠斗武器,",,Yes,No,No,No,No,No,No,,,,,,,,,,,,,,,,,,,,,,,,No,No,No,No,No,No,,,,,,,,,,,,,,,,,,,,,,,,,,,,,,,,,,,,,,,,,,,,,,,3,0,,,,,"天生武器, 缠斗武器",,
犄角,William Pucs (https://www.notion.so/William-Pucs-1c5d619a067b80acab49f60859dddd55?pvs=21),Horn & Antler,,"天生武器,缠斗武器,",,No,No,No,No,No,No,No,,,,,,,,,,,,,,,,,,,,,,,,No,No,No,No,No,No,,,,,,,,,,,,,,,,,,,,,,,,,,,,,,,,,,,,,,,,,,,,,,,9,0,,,,,"天生武器, 缠斗武器",,
长触手,William Pucs (https://www.notion.so/William-Pucs-1c5d619a067b80acab49f60859dddd55?pvs=21),Lashing Tentacle,,"天生武器,挥甩武器,",,No,No,No,No,No,No,No,,,,,,,,,,,,,,,,,,,,,,,,No,No,No,No,No,No,,,,,,,,,,,,,,,,,,,,,,,,,,,,,,,,,,,,,,,,,,,,,,,6,0,,,,,"天生武器, 挥甩武器",,
熊掌,,,,"天生武器,缠斗武器,",,Yes,No,No,No,No,No,No,,,,,,,,,,,,,,,,,,,,,,,,No,No,No,No,No,No,,,,,,,,,,,,,,,,,,,,,,,,,,,,,,,,,,,,,,,,,,,,,,,0,0,,,,,"天生武器, 缠斗武器",,
掘地蠕虫口器,William Pucs (https://www.notion.so/William-Pucs-1c5d619a067b80acab49f60859dddd55?pvs=21),,,"天生武器,缠斗武器,",,Yes,No,No,No,No,No,No,,,,,,,,,,,,,,,,,,,,,,,,No,No,No,No,No,No,,,,,,,,,,,,,,,,,,,,,,,,,,,,,,,,,,,,,,,,,,,,,,,9,0,,,,,"天生武器, 缠斗武器",,
毒吻,William Pucs (https://www.notion.so/William-Pucs-1c5d619a067b80acab49f60859dddd55?pvs=21),Venomous Bite,,"天生武器,缠斗武器,",,No,No,No,No,No,No,No,,,,,,,,,,,,,,,,,,,,,,,,No,No,No,No,No,No,,,,,,,,,,,,,,,,,,,,,,,,,,,,,,,,,,,,,,,,,,,,,,,3,0,,,,,"天生武器, 缠斗武器",,
獠牙利齿,William Pucs (https://www.notion.so/William-Pucs-1c5d619a067b80acab49f60859dddd55?pvs=21),Fangs & Tusk,,"天生武器,缠斗武器,",,No,No,No,No,No,No,No,,,,,,,,,,,,,,,,,,,,,,,,No,No,No,No,No,No,,,,,,,,,,,,,,,,,,,,,,,,,,,,,,,,,,,,,,,,,,,,,,,2,0,,,,,"天生武器, 缠斗武器",,
宁神耳塞,William Pucs (https://www.notion.so/William-Pucs-1c5d619a067b80acab49f60859dddd55?pvs=21),,,"琐碎,耳饰,",400,No,No,No,No,No,No,No,,,,,,,,,,,,,,,,,,,,,,,,No,No,No,No,No,No,,,,,,,,,,,1,,,,,,,,,,,,,,,,,,,,,,,,,2,,,,,,,,,,,,0,4银币,,,,耳饰,琐碎,
银耳环,William Pucs (https://www.notion.so/William-Pucs-1c5d619a067b80acab49f60859dddd55?pvs=21),,,"琐碎,耳饰,",60,No,No,No,No,No,No,No,,,,,,,,,,,,,,,,,,,,,,,,No,No,No,No,No,No,,,,,,,,,,,,,,,,,,,,,,,,,,,,,,,,,,,,2,,,,,,,,,,,,0,60铜币,,,,耳饰,琐碎,
奥玛兹的圣洁之触,William Pucs (https://www.notion.so/William-Pucs-1c5d619a067b80acab49f60859dddd55?pvs=21),,,"魔法物品,唯一物品,琐碎,耳饰,",25000,No,No,No,No,No,No,No,,,,,,,,,,,,,,,,,,,,,,,,No,No,No,No,No,No,,,,,,,,,,,,,,,,,,,,,,,,,,,,,,,,,,,,1,,,,,,,,,,,1,0,2金币50银币,,,"唯一物品, 魔法物品",耳饰,琐碎,托恩 (https://www.notion.so/1b8d619a067b80a2aea2c68c1c259efd?pvs=21)
奥维良的绝望低吟,William Pucs (https://www.notion.so/William-Pucs-1c5d619a067b80acab49f60859dddd55?pvs=21),,,"魔法物品,唯一物品,琐碎,耳饰,",25000,No,No,No,No,No,No,No,,,,,,,,,,,,,,,,,,,,,,,,No,No,No,No,No,No,,,,,,,,,,,,,,,,,,,,,,,,,,,,,,,,,,,,1,,,,,,,,,,,1,0,2金币50银币,,,"唯一物品, 魔法物品",耳饰,琐碎,托恩 (https://www.notion.so/1b8d619a067b80a2aea2c68c1c259efd?pvs=21)
王者之心,William Pucs (https://www.notion.so/William-Pucs-1c5d619a067b80acab49f60859dddd55?pvs=21),,,"魔法物品,琐碎,项链,",14400,No,No,No,No,No,No,No,,,,,,,,,,,,,,,,,,,,,,,,No,No,No,No,No,No,1,,,,,1,,,,,,1,,,,,,,,,,,,,,,,,,,,,,,,,,,,1,,,,,,,,0,1金币44银币,,,魔法物品,项链,琐碎,
帕兰凯护符,William Pucs (https://www.notion.so/William-Pucs-1c5d619a067b80acab49f60859dddd55?pvs=21),,,"魔法物品,琐碎,项链,",30000,No,No,No,No,No,No,No,,,,,,,,,,,,,,,,,,,,,,,,No,No,No,No,No,No,,,,,,,,,,,1,,,,,,,,,,,,,,,,,,,,,,,,,,,,,1,,,,,,,3,0,3金币,,,魔法物品,项链,琐碎,
冷青石吊坠,William Pucs (https://www.notion.so/William-Pucs-1c5d619a067b80acab49f60859dddd55?pvs=21),,,"琐碎,项链,",6000,No,No,No,No,No,No,No,,,,,,,,,,,,,,,,,,,,,,,,No,No,No,No,No,No,,,,,,,,,,,,,,,,,,,,,,,,,,,,,,,,,,,,,,,,1,,,,,,,5,0,60银币,,,,项链,琐碎,
武器大师徽记（投掷）,William Pucs (https://www.notion.so/William-Pucs-1c5d619a067b80acab49f60859dddd55?pvs=21),,,"魔法物品,琐碎,项链,",30000,No,No,No,No,No,No,No,,,,,,,,,,,,,,,,,,,,,,,,No,No,No,No,No,No,,,,,,,,,,,,,,,,,,,,,,,,,,,,,,,,,,,,,,,,1,,,,,,,7,0,3金币,,,魔法物品,项链,琐碎,
武器大师徽记（射击）,William Pucs (https://www.notion.so/William-Pucs-1c5d619a067b80acab49f60859dddd55?pvs=21),,,"魔法物品,琐碎,项链,",30000,No,No,No,No,No,No,No,,,,,,,,,,,,,,,,,,,,,,,,No,No,No,No,No,No,,,,,,,,,,,,,,,,,,,,,,,,,,,,,,,,,,,,,,,,1,,,,,,,7,0,3金币,,,魔法物品,项链,琐碎,
武器大师徽记（盾牌）,William Pucs (https://www.notion.so/William-Pucs-1c5d619a067b80acab49f60859dddd55?pvs=21),,,"魔法物品,琐碎,项链,",30000,No,No,No,No,No,No,No,,,,,,,,,,,,,,,,,,,,,,,,No,No,No,No,No,No,,,,,,,,,,,,,,,,,,,,,,,,,,,,,,,,,,,,,,,,1,,,,,,,8,0,3金币,,,魔法物品,项链,琐碎,
武器大师徽记（长柄）,William Pucs (https://www.notion.so/William-Pucs-1c5d619a067b80acab49f60859dddd55?pvs=21),,,"魔法物品,琐碎,项链,",30000,No,No,No,No,No,No,No,,,,,,,,,,,,,,,,,,,,,,,,No,No,No,No,No,No,,,,,,,,,,,,,,,,,,,,,,,,,,,,,,,,,,,,,,,,1,,,,,,,7,0,3金币,,,魔法物品,项链,琐碎,
武器大师徽记（挥甩）,William Pucs (https://www.notion.so/William-Pucs-1c5d619a067b80acab49f60859dddd55?pvs=21),,,"魔法物品,琐碎,项链,",30000,No,No,No,No,No,No,No,,,,,,,,,,,,,,,,,,,,,,,,No,No,No,No,No,No,,,,,,,,,,,,,,,,,,,,,,,,,,,,,,,,,,,,,,,,1,,,,,,,8,0,3金币,,,魔法物品,项链,琐碎,
武器大师徽记（打击）,William Pucs (https://www.notion.so/William-Pucs-1c5d619a067b80acab49f60859dddd55?pvs=21),,,"魔法物品,琐碎,项链,",30000,No,No,No,No,No,No,No,,,,,,,,,,,,,,,,,,,,,,,,No,No,No,No,No,No,,,,,,,,,,,,,,,,,,,,,,,,,,,,,,,,,,,,,,,,1,,,,,,,7,0,3金币,,,魔法物品,项链,琐碎,
武器大师徽记（刀剑）,William Pucs (https://www.notion.so/William-Pucs-1c5d619a067b80acab49f60859dddd55?pvs=21),,,"魔法物品,琐碎,项链,",30000,No,No,No,No,No,No,No,,,,,,,,,,,,,,,,,,,,,,,,No,No,No,No,No,No,,,,,,,,,,,,,,,,,,,,,,,,,,,,,,,,,,,,,,,,1,,,,,,,7,0,3金币,,,魔法物品,项链,琐碎,
武器大师徽记（缠斗）,William Pucs (https://www.notion.so/William-Pucs-1c5d619a067b80acab49f60859dddd55?pvs=21),,,"魔法物品,琐碎,项链,",30000,No,No,No,No,No,No,No,,,,,,,,,,,,,,,,,,,,,,,,No,No,No,No,No,No,,,,,,,,,,,,,,,,,,,,,,,,,,,,,,,,,,,,,,,,1,,,,,,,7,0,3金币,,,魔法物品,项链,琐碎,
偏斜项链,William Pucs (https://www.notion.so/William-Pucs-1c5d619a067b80acab49f60859dddd55?pvs=21),,,"魔法物品,琐碎,项链,",20000,No,No,No,No,No,No,No,,,,,,,,,,,,,,,,,,,,,,,,No,No,No,No,No,No,,,,,,,,,,,,,,,,,,,,,,,,,,,,,,,,,,,,,,,,1,,,,,,,6,0,2金币,,,魔法物品,项链,琐碎,
科斯托高沃的护身符,William Pucs (https://www.notion.so/William-Pucs-1c5d619a067b80acab49f60859dddd55?pvs=21),,,"魔法物品,唯一物品,琐碎,项链,",65000,No,No,No,No,No,No,No,,,,,,,,,,,,,,,,,,,,,,,,No,No,No,No,No,No,,,,,,,,,,,,1,,,,,,,,,,,,,,,,,,,,,,,,,,,,1,,,,,,,9,0,6金币50银币,,,"唯一物品, 魔法物品",项链,琐碎,托恩 (https://www.notion.so/1b8d619a067b80a2aea2c68c1c259efd?pvs=21)
王座护符,William Pucs (https://www.notion.so/William-Pucs-1c5d619a067b80acab49f60859dddd55?pvs=21),,,"魔法物品,琐碎,项链,",54687,No,No,No,No,No,No,No,,,,,,,,,,,,,,,,,,,,,,,,No,No,No,No,No,No,,,,,,,,,,,,,,,,,,,,,,,,,,,,,,,,,,,,,,,,1,,,,,,,5,0,5金币46银币87铜币,,,魔法物品,项链,琐碎,后土 (https://www.notion.so/1b8d619a067b80169bc3cf9b17da0c40?pvs=21)
军团印记,William Pucs (https://www.notion.so/William-Pucs-1c5d619a067b80acab49f60859dddd55?pvs=21),,,"魔法物品,琐碎,项链,",45000,No,No,No,No,No,No,No,,,,,,,,,,,,,,,,,,,,,,,,No,No,No,No,No,No,,,,,,,,,,,2,,,,,,,,,,,,,,,,,,,,,,,,,,,,,1,,,,,,,6,0,4金币50银币,,,魔法物品,项链,琐碎,后土 (https://www.notion.so/1b8d619a067b80169bc3cf9b17da0c40?pvs=21)
射手指套,William Pucs (https://www.notion.so/William-Pucs-1c5d619a067b80acab49f60859dddd55?pvs=21),,,"琐碎,指环,",1500,No,No,No,No,No,No,No,,,,,,,,,,,,,,,,,,,,,,,,No,No,No,No,No,No,,,,,,,,,,,,,,,,,,,,,,,,,,,,,,,,,,,,,,,,,1,,,,,,4,0,15银币,,,,指环,琐碎,
灼烧戒指,William Pucs (https://www.notion.so/William-Pucs-1c5d619a067b80acab49f60859dddd55?pvs=21),,,"魔法物品,琐碎,指环,",10000,No,No,No,No,No,No,No,,,,,,,,,,,,,,,,,,,,,,,,No,No,No,No,No,No,,,,,,,,,,,,,,,,,,,,,,,,,,,,,,,,,,,,,,,,,1,,,,,,5,0,1金币,,,魔法物品,指环,琐碎,
帕兰凯印戒,William Pucs (https://www.notion.so/William-Pucs-1c5d619a067b80acab49f60859dddd55?pvs=21),,,"魔法物品,琐碎,指环,",85000,No,No,No,No,No,No,No,,,,,,,,,,,,,,,,,,,,,,,,No,No,No,No,No,No,,,,,,,,,,,,1,,,,,,,,,,,,,,,,,,,,,,,,,,,,,1,,,,,,6,0,8金币50银币,,,魔法物品,指环,琐碎,
戒指,William Pucs (https://www.notion.so/William-Pucs-1c5d619a067b80acab49f60859dddd55?pvs=21),,,"琐碎,指环,",100,No,No,No,No,No,No,No,,,,,,,,,,,,,,,,,,,,,,,,No,No,No,No,No,No,,,,,,,,,,,,,,,,,,,,,,,,,,,,,,,,,,,,,,,,,1,,,,,,,0,1银币,,,,指环,琐碎,
艾罗·汉那的瞬袭戒指,William Pucs (https://www.notion.so/William-Pucs-1c5d619a067b80acab49f60859dddd55?pvs=21),,,"魔法物品,唯一物品,琐碎,指环,",160000,No,No,No,No,No,No,No,,,,,,,,,,,,,,,,,,,,,,,,No,No,No,No,No,No,,,,,,,,,,,,,,,,,,,,,,,,,,,,,,,,,,,,,,,,,1,,,,,,24,0,16金币,,,"唯一物品, 魔法物品",指环,琐碎,托恩 (https://www.notion.so/1b8d619a067b80a2aea2c68c1c259efd?pvs=21)
移魂手镯,William Pucs (https://www.notion.so/William-Pucs-1c5d619a067b80acab49f60859dddd55?pvs=21),,,"魔法物品,琐碎,手环,",12000,No,No,No,No,No,No,No,,,,,,,,,,,,,,,,,,,,,,,,No,No,No,No,No,No,,,,,,,,,,,,,,,,,,,,,,,,,,,,,,1,,,,,,,,,,,,,,,,,6,0,1金币20银币,,,魔法物品,手环,琐碎,
手镯,William Pucs (https://www.notion.so/William-Pucs-1c5d619a067b80acab49f60859dddd55?pvs=21),Bracelet,,"琐碎,手环,",100,No,No,No,No,No,No,No,,,,,,,,,,,,,,,,,,,,,,,,No,No,No,No,No,No,,,,,,,,,,,,,,,,,,,,,,,,,,,,,,1,,,,,,,,,,,,,,,,,,0,1银币,,,,手环,琐碎,
星纹手镯,William Pucs (https://www.notion.so/William-Pucs-1c5d619a067b80acab49f60859dddd55?pvs=21),,,"魔法物品,琐碎,手环,",5000,No,No,No,No,No,No,No,,,,,,,,,,,,,,,,,,,,,,,,No,No,No,No,No,No,,,,,,,,,,,,,,,,,,,,,,,,,,,,,,1,,,,,,,,,,,,,,,,,3,0,50银币,,,魔法物品,手环,琐碎,
幽影残杀手镯,William Pucs (https://www.notion.so/William-Pucs-1c5d619a067b80acab49f60859dddd55?pvs=21),,,"魔法物品,琐碎,手环,",30000,No,No,No,No,No,No,No,,,,,,,,,,,,,,,,,,,,,,,,No,No,No,No,No,No,,,,,,,,,,,,,,,,,,,,,,,,,,,,,,1,,,,,,,,,,,,,,,,,9,0,3金币,,,魔法物品,手环,琐碎,
掠夺者臂环,William Pucs (https://www.notion.so/William-Pucs-1c5d619a067b80acab49f60859dddd55?pvs=21),,,"魔法物品,琐碎,手环,",50000,No,No,No,No,No,No,No,,,,,,,,,,,,,,,,,,,,,,,,No,No,No,No,No,No,,,,,,,,,,,,,,,,,,,,,,,,,,,,,,1,,,,,,,,,,,,,,,,,3,0,5金币,,,魔法物品,手环,琐碎,
小羊皮手套,William Pucs (https://www.notion.so/William-Pucs-1c5d619a067b80acab49f60859dddd55?pvs=21),,,"琐碎,手套,",700,No,No,No,No,No,No,No,,,,,,,,,,,,,,,,,,,,,,,,No,No,No,No,No,No,,,,,1,,,,,,,,,,,,,,,,,,,,,,,,,,,,,,,,,2,,,,,,,,,,0,7银币,,,,手套,琐碎,
磐石之力手套,William Pucs (https://www.notion.so/William-Pucs-1c5d619a067b80acab49f60859dddd55?pvs=21),,,"魔法物品,琐碎,手套,",40500,No,No,No,No,No,No,No,,,,,,,,,,,,,,,,,,,,,,,,No,No,No,No,No,No,,,,,1,1,,,,,,,,,,,,,,,,,,,,,,,,,,,,,,,,2,,,,,,,,,,0,4金币5银币,,,魔法物品,手套,琐碎,
皮手套,William Pucs (https://www.notion.so/William-Pucs-1c5d619a067b80acab49f60859dddd55?pvs=21),,,"琐碎,手套,",350,No,No,No,No,No,No,No,,,,,,,,,,,,,,,,,,,,,,,,No,No,No,No,No,No,,,,,1,,,,,,,,,,,,,,,,,,,,,,,,,,,,,,,,,2,,,,,,,,,,0,3银币50铜币,,,,手套,琐碎,
镶钉皮手套,William Pucs (https://www.notion.so/William-Pucs-1c5d619a067b80acab49f60859dddd55?pvs=21),,,"琐碎,手套,",1700,No,No,No,No,No,No,No,,,,,,,,,,,,,,,,,,,,,,,,No,No,No,No,No,No,,,,,1,,,,,,,,,,,,,,,,,,,,,,,,,,,,,,,,,2,,,,,,,,,1,0,17银币,,,,手套,琐碎,
跃动脚环,William Pucs (https://www.notion.so/William-Pucs-1c5d619a067b80acab49f60859dddd55?pvs=21),,,"琐碎,足饰,",5000,No,No,No,No,No,No,No,,,,,,,,,,,,,,,,,,,,,,,,No,No,No,No,No,No,,,,,,,,,,,,,,,,,,,,,,,,,,,,,,,,,,,,,1,,,,,,,,,,6,0,50银币,,,,足饰,琐碎,
密林祝福脚链,William Pucs (https://www.notion.so/William-Pucs-1c5d619a067b80acab49f60859dddd55?pvs=21),,,"魔法物品,琐碎,足饰,",3000,No,No,No,No,No,No,No,,,,,,,,,,,,,,,,,,,,,,,,No,No,No,No,No,No,,,,,,,,,,,1,,,,,,,,,,,,,,,,,,,,,,,,,,1,,,,,,,,,,0,0,30银币,,,魔法物品,足饰,琐碎,
疾步脚链,William Pucs (https://www.notion.so/William-Pucs-1c5d619a067b80acab49f60859dddd55?pvs=21),,,"魔法物品,琐碎,足饰,",6500,No,No,No,No,No,No,No,,,,,,,,,,,,,,,,,,,,,,,,No,No,No,No,No,No,,,,,,,,,,,,,,,,,,,,,,,,,,,,,,,,,,,,,1,,,,,,,,,,4,0,65银币,,,魔法物品,足饰,琐碎,
脚链,William Pucs (https://www.notion.so/William-Pucs-1c5d619a067b80acab49f60859dddd55?pvs=21),,,"琐碎,足饰,",100,No,No,No,No,No,No,No,,,,,,,,,,,,,,,,,,,,,,,,No,No,No,No,No,No,,,,,,,,,,,,,,,,,,,,,,,,,,,,,,,,,,,,,1,,,,,,,,,,0,0,1银币,,,,足饰,琐碎,
稳固腰带,William Pucs (https://www.notion.so/William-Pucs-1c5d619a067b80acab49f60859dddd55?pvs=21),,,"魔法物品,琐碎,腰饰,",4400,No,No,No,No,No,No,No,,,,,,,,,,,,,,,,,,,,,,,,No,No,No,No,No,No,,,,,,,,,,,,,1,,,,,,,,,,,,,,,,,,,,,,,,,,,,,,,1,,,3,0,44银币,,,魔法物品,腰饰,琐碎,
轻皮腰带,William Pucs (https://www.notion.so/William-Pucs-1c5d619a067b80acab49f60859dddd55?pvs=21),,,"琐碎,腰饰,",100,No,No,No,No,No,No,No,,,,,,,,,,,,,,,,,,,,,,,,No,No,No,No,No,No,,,,,,,,,,,,,,,,,,,,,,,,,,,,,,,,,,,,,,,,,,,,1,,,0,0,1银币,,,,腰饰,琐碎,
皮绑带,William Pucs (https://www.notion.so/William-Pucs-1c5d619a067b80acab49f60859dddd55?pvs=21),Strap Belt,,"琐碎,腰饰,",300,No,No,No,No,No,No,No,,,,,,,,,,,,,,,,,,,,,,,,No,No,No,No,No,No,,,,,,,,,,,,,,,,,,,,,,,,,,,,,,,,,,,,,,,,,,,,1,,,2,0,3银币,,,,腰饰,琐碎,
皮革武装束带,William Pucs (https://www.notion.so/William-Pucs-1c5d619a067b80acab49f60859dddd55?pvs=21),Leather Harness Belt,,"轻型,腰饰,",4600,No,No,No,No,No,No,No,,,,,,,,,,,,,,,,,,,,,,,,No,No,No,No,No,No,,,3,,,,,,,,,,1,,,,,,,,,,,,,,,,,,,,,,,,,,,,,,,1,,,2,1,46银币,,,,腰饰,轻型,
布坎肩,William Pucs (https://www.notion.so/William-Pucs-1c5d619a067b80acab49f60859dddd55?pvs=21),,,"轻型,披肩,",30,No,No,No,No,No,No,No,,,,,,,,,,,,,,,,,,,,,,,,No,No,No,No,No,No,,,,,,,,,,,,,,,,,,,,,,,,,,,,,,,,,,1,,,,,,,,,,,,,0,1,30铜币,,,,披肩,轻型,
灵巧披风,William Pucs (https://www.notion.so/William-Pucs-1c5d619a067b80acab49f60859dddd55?pvs=21),,,"魔法物品,轻型,披肩,",40000,No,No,No,No,No,No,No,,,,,,,,,,,,,,,,,,,,,,,,No,No,No,No,No,No,1,,,,,,,,,,,,,,,,,,,,,,,,,,,,,,,,,1,,,,,,,,,,,,,0,1,4金币,,,魔法物品,披肩,轻型,
带帽斗篷,William Pucs (https://www.notion.so/William-Pucs-1c5d619a067b80acab49f60859dddd55?pvs=21),,,"轻型,披肩,",350,No,No,No,No,No,No,No,,,,,,,,,,,,,,,,,,,,,,,,No,No,No,No,No,No,,,,,,,,,,,1,,,,,,,,,,,,,,,,,,,,,,,1,,,,,,,,,,,,,0,1,3银币50铜币,,,,披肩,轻型,
猎豹敏捷披风,William Pucs (https://www.notion.so/William-Pucs-1c5d619a067b80acab49f60859dddd55?pvs=21),,,"魔法物品,轻型,披肩,",10000,No,No,No,No,No,No,No,,,,,,,,,,,,,,,,,,,,,,,,No,No,No,No,No,No,,,,,,,,,,,,,,,,,,,,,,,,,,,,,,,,,,1,,,,,,,,,,,,,4,1,1金币,,,魔法物品,披肩,轻型,
猩红修女斗篷,William Pucs (https://www.notion.so/William-Pucs-1c5d619a067b80acab49f60859dddd55?pvs=21),,,"魔法物品,轻型,披肩,",24000,No,No,No,No,No,No,No,,,,,,,,,,,,,,,,,,,,,,,,No,No,No,No,No,No,,,,,1,,,,,,1,,,,,,,,,,,,,,,,,,,,,,,1,,,,,,,,,,,,,17,1,2金币40银币,,,魔法物品,披肩,轻型,托恩 (https://www.notion.so/1b8d619a067b80a2aea2c68c1c259efd?pvs=21)
麻布衣裤,William Pucs (https://www.notion.so/William-Pucs-1c5d619a067b80acab49f60859dddd55?pvs=21),,,"轻型,服装,",40,No,No,No,No,No,No,No,,,,,,,,,,,,,,,,,,,,,,,,No,No,No,No,No,No,,,,,,,,,,,,,,,,,,,,,,,,,,,,,,,,,,,1,,,,,,,,,,,,0,1,40铜币,,,,服装,轻型,
布袍,William Pucs (https://www.notion.so/William-Pucs-1c5d619a067b80acab49f60859dddd55?pvs=21),,,"轻型,服装,",350,No,No,No,No,No,No,No,,,,,,,,,,,,,,,,,,,,,,,,No,No,No,No,No,No,,,,,1,,,,,,,,,,,,,,,,,,,,,,,,,,,,,,1,,,,,,,,,,,,0,1,3银币50铜币,,,,服装,轻型,
防化服,William Pucs (https://www.notion.so/William-Pucs-1c5d619a067b80acab49f60859dddd55?pvs=21),,,"轻型,服装,",64000,No,No,No,No,No,No,No,,,,,,,,,,,,,,,,,,,,,,,,No,No,No,No,No,No,,,,,4,,,,,,1,,,,,,,,,,0.5,,,,,,,,,,,,,,1,,,,,,,,,,,,-6,1,6金币40银币,,,,服装,轻型,现代 (https://www.notion.so/1bad619a067b80ff93e5de5faec280e3?pvs=21)
眼镜,William Pucs (https://www.notion.so/William-Pucs-1c5d619a067b80acab49f60859dddd55?pvs=21),,,"琐碎,妆饰,",100,No,No,No,No,No,No,No,,,,,,,,,,,,,,,,,,,,,,,,No,No,No,No,No,No,,,,,,,,,,,,,,,,,,,,,,,,,,,,,1,,,,,,,,,,,,,,,,,,0,0,1银币,,,,妆饰,琐碎,
洞察眼镜,William Pucs (https://www.notion.so/William-Pucs-1c5d619a067b80acab49f60859dddd55?pvs=21),,,"魔法物品,琐碎,妆饰,",600,No,No,No,No,No,No,No,,,,,,,,,,,,,,,,,,,,,,,,No,No,No,No,No,No,,,,,,,,,,,,,,,,,,,,,,,,,,,,,1,,,,,,,,,,,,,,,,,,2,0,6银币,,,魔法物品,妆饰,琐碎,
护目镜,William Pucs (https://www.notion.so/William-Pucs-1c5d619a067b80acab49f60859dddd55?pvs=21),,,"琐碎,妆饰,",560,No,No,No,No,No,No,No,,,,,,,,,,,,,,,,,,,,,,,,No,No,No,No,No,No,,,,,,,,,,,,,,,,,,,,,,,,,,,,,1,,,,,,,,,,,,,,,,,,0,0,5银币60铜币,,,,妆饰,琐碎,
遮面巾,William Pucs (https://www.notion.so/William-Pucs-1c5d619a067b80acab49f60859dddd55?pvs=21),,,"琐碎,妆饰,",350,No,No,No,No,No,No,No,,,,,,,,,,,,,,,,,,,,,,,,No,No,No,No,No,No,,,,,,,,,,,1,,,,,,,,,,,,,,,,,,1,,,,,,,,,,,,,,,,,,0,0,3银币50铜币,,,,妆饰,琐碎,
净化假牙,William Pucs (https://www.notion.so/William-Pucs-1c5d619a067b80acab49f60859dddd55?pvs=21),,,"魔法物品,琐碎,妆饰,",560,No,No,No,No,No,No,No,,,,,,,,,,,,,,,,,,,,,,,,No,No,No,No,No,No,,,,,1,,,,,,,,,,,,,,,,,,,,,,,,1,,,,,,,,,,,,,,,,,,0,0,5银币60铜币,,,魔法物品,妆饰,琐碎,
假牙,William Pucs (https://www.notion.so/William-Pucs-1c5d619a067b80acab49f60859dddd55?pvs=21),,,"琐碎,妆饰,",300,No,No,No,No,No,No,No,,,,,,,,,,,,,,,,,,,,,,,,No,No,No,No,No,No,,,,,,,,,,,,,,,,,,,,,,,,,,,,,1,,,,,,,,,,,,,,,,,,0,0,3银币,,,,妆饰,琐碎,
没有脚的兔子,William Pucs (https://www.notion.so/William-Pucs-1c5d619a067b80acab49f60859dddd55?pvs=21),Feetless Rabbit Charm,,"魔法物品,琐碎,配饰,",50000,No,No,No,No,No,No,No,,,,,,,,,,,,,,,,,,,,,,,,No,No,No,No,No,No,,,,,,,,,,,,,,,,,,,,,,,,,,,,,,,,,,,,,,,,,,,,,,,5,0,5金币,,,魔法物品,配饰,琐碎,
科诺凡达之雾,William Pucs (https://www.notion.so/William-Pucs-1c5d619a067b80acab49f60859dddd55?pvs=21),,,"魔法物品,琐碎,异种饰品,",,No,No,No,No,No,No,No,,,,,,,,,,,,,,,,,,,,,,,,No,No,No,No,No,No,-1,,,,,-1,,,,,,-1,,,,,,,,,,,,,,,,,,,,,,,,,,,,,,,,,,,18,0,,,,魔法物品,异种饰品,琐碎,托恩 (https://www.notion.so/1b8d619a067b80a2aea2c68c1c259efd?pvs=21)
无酵饼,William Pucs (https://www.notion.so/William-Pucs-1c5d619a067b80acab49f60859dddd55?pvs=21),,,"琐碎,食物,",8,No,No,No,No,No,No,No,,,,,,,,,,,,,,,,,,,,,,,,No,No,No,No,No,No,,,,,,,,,,,,,,,,,,,,,,,,,,,,,,,,,,,,,,,,,,,,,,,,0,8铜币,,,,食物,琐碎,
干肉饼,William Pucs (https://www.notion.so/William-Pucs-1c5d619a067b80acab49f60859dddd55?pvs=21),,,"琐碎,食物,",100,No,No,No,No,No,No,No,,,,,,,,,,,,,,,,,,,,,,,,No,No,No,No,No,No,,,,,,,,,,,,,,,,,,,,,,,,,,,,,,,,,,,,,,,,,,,,,,,,0,1银币,,,,食物,琐碎,
生肉,William Pucs (https://www.notion.so/William-Pucs-1c5d619a067b80acab49f60859dddd55?pvs=21),Fresh Meat,,"琐碎,食物,",20,No,No,No,No,No,No,No,,,,,,,,,,,,,,,,,,,,,,,,No,No,No,No,No,No,,,,,,,,,,,,,,,,,,,,,,,,,,,,,,,,,,,,,,,,,,,,,,,,0,20铜币,,,,食物,琐碎,
干粮,William Pucs (https://www.notion.so/William-Pucs-1c5d619a067b80acab49f60859dddd55?pvs=21),,,"琐碎,食物,",15,No,No,No,No,No,No,No,,,,,,,,,,,,,,,,,,,,,,,,No,No,No,No,No,No,,,,,,,,,,,,,,,,,,,,,,,,,,,,,,,,,,,,,,,,,,,,,,,,0,15铜币,腐坏 (https://www.notion.so/1b3d619a067b8039b1fecba63b680faf?pvs=21),,,食物,琐碎,
生水,William Pucs (https://www.notion.so/William-Pucs-1c5d619a067b80acab49f60859dddd55?pvs=21),Raw Water,,"琐碎,饮料,",1,No,No,No,No,No,No,No,,,,,,,,,,,,,,,,,,,,,,,,No,No,No,No,No,No,,,,,,,,,,,,,,,,,,,,,,,,,,,,,,,,,,,,,,,,,,,,,,,,0,1铜币,,,,饮料,琐碎,
香料果酒,William Pucs (https://www.notion.so/William-Pucs-1c5d619a067b80acab49f60859dddd55?pvs=21),,,"琐碎,饮料,",300,No,No,No,No,No,No,No,,,,,,,,,,,,,,,,,,,,,,,,No,No,No,No,No,No,,,,,,,,,,,,,,,,,,,,,,,,,,,,,,,,,,,,,,,,,,,,,,,,0,3银币,,,,饮料,琐碎,
羊奶,William Pucs (https://www.notion.so/William-Pucs-1c5d619a067b80acab49f60859dddd55?pvs=21),,,"琐碎,饮料,",20,No,No,No,No,No,No,No,,,,,,,,,,,,,,,,,,,,,,,,No,No,No,No,No,No,,,,,,,,,,,,,,,,,,,,,,,,,,,,,,,,,,,,,,,,,,,,,,,,0,20铜币,,,,饮料,琐碎,
牛奶,William Pucs (https://www.notion.so/William-Pucs-1c5d619a067b80acab49f60859dddd55?pvs=21),,,"琐碎,饮料,",10,No,No,No,No,No,No,No,,,,,,,,,,,,,,,,,,,,,,,,No,No,No,No,No,No,,,,,,,,,,,,,,,,,,,,,,,,,,,,,,,,,,,,,,,,,,,,,,,,0,10铜币,,,,饮料,琐碎,
麦酒,William Pucs (https://www.notion.so/William-Pucs-1c5d619a067b80acab49f60859dddd55?pvs=21),,,"琐碎,饮料,",80,No,No,No,No,No,No,No,,,,,,,,,,,,,,,,,,,,,,,,No,No,No,No,No,No,,,,,,,,,,,,,,,,,,,,,,,,,,,,,,,,,,,,,,,,,,,,,,,,0,80铜币,,,,饮料,琐碎,
水果酒,William Pucs (https://www.notion.so/William-Pucs-1c5d619a067b80acab49f60859dddd55?pvs=21),,,"琐碎,饮料,",100,No,No,No,No,No,No,No,,,,,,,,,,,,,,,,,,,,,,,,No,No,No,No,No,No,,,,,,,,,,,,,,,,,,,,,,,,,,,,,,,,,,,,,,,,,,,,,,,,0,1银币,,,,饮料,琐碎,
咖啡,William Pucs (https://www.notion.so/William-Pucs-1c5d619a067b80acab49f60859dddd55?pvs=21),,,"琐碎,饮料,",35,No,No,No,No,No,No,No,,,,,,,,,,,,,,,,,,,,,,,,No,No,No,No,No,No,,,,,,,,,,,,,,,,,,,,,,,,,,,,,,,,,,,,,,,,,,,,,,,,0,35铜币,补给 (https://www.notion.so/1b4d619a067b80af8498c52f7b266b26?pvs=21),,,饮料,琐碎,
净水,William Pucs (https://www.notion.so/William-Pucs-1c5d619a067b80acab49f60859dddd55?pvs=21),,,"琐碎,饮料,",10,No,No,No,No,No,No,No,,,,,,,,,,,,,,,,,,,,,,,,No,No,No,No,No,No,,,,,,,,,,,,,,,,,,,,,,,,,,,,,,,,,,,,,,,,,,,,,,,,0,10铜币,,,,饮料,琐碎,
刚毅药剂,William Pucs (https://www.notion.so/William-Pucs-1c5d619a067b80acab49f60859dddd55?pvs=21),,,"魔法物品,琐碎,药物,",18000,No,No,No,No,No,No,No,,,,,,,,,,,,,,,,,,,,,,,,No,No,No,No,No,No,,,,,,,,,,,,,,,,,,,,,,,,,,,,,,,,,,,,,,,,,,,,,,2,,0,1金币80银币,,,魔法物品,药物,琐碎,
耐受药剂,William Pucs (https://www.notion.so/William-Pucs-1c5d619a067b80acab49f60859dddd55?pvs=21),,,"魔法物品,琐碎,药物,",18000,No,No,No,No,No,No,No,,,,,,,,,,,,,,,,,,,,,,,,No,No,No,No,No,No,,,,,,,,,,,,,,,,,,,,,,,,,,,,,,,,,,,,,,,,,,,,,,2,,0,1金币80银币,,,魔法物品,药物,琐碎,
坚韧药剂,William Pucs (https://www.notion.so/William-Pucs-1c5d619a067b80acab49f60859dddd55?pvs=21),,,"魔法物品,琐碎,药物,",18000,No,No,No,No,No,No,No,,,,,,,,,,,,,,,,,,,,,,,,No,No,No,No,No,No,,,,,,,,,,,,,,,,,,,,,,,,,,,,,,,,,,,,,,,,,,,,,,2,,0,1金币80银币,,,魔法物品,药物,琐碎,
后悔药,William Pucs (https://www.notion.so/William-Pucs-1c5d619a067b80acab49f60859dddd55?pvs=21),,,"魔法物品,琐碎,药物,",35000,No,No,No,No,No,No,No,,,,,,,,,,,,,,,,,,,,,,,,No,No,No,No,No,No,,,,,,,,,,,,,,,,,,,,,,,,,,,,,,,,,,,,,,,,,,,,,,0,,0,3金币50银币,,,魔法物品,药物,琐碎,
传承灵药,William Pucs (https://www.notion.so/William-Pucs-1c5d619a067b80acab49f60859dddd55?pvs=21),,,"魔法物品,琐碎,药物,",50000,No,No,No,No,No,No,No,,,,,,,,,,,,,,,,,,,,,,,,No,No,No,No,No,No,,,,,,,,,,,,,,,,,,,,,,,,,,,,,,,,,,,,,,,,,,,,,,0,,0,5金币,,,魔法物品,药物,琐碎,
提神药剂,William Pucs (https://www.notion.so/William-Pucs-1c5d619a067b80acab49f60859dddd55?pvs=21),,,"琐碎,药物,",6500,No,No,No,No,No,No,No,,,,,,,,,,,,,,,,,,,,,,,,No,No,No,No,No,No,,,,,,,,,,,,,,,,,,,,,,,,,,,,,,,,,,,,,,,,,,,,,,9,,0,65银币,,,,药物,琐碎,
振奋药剂,William Pucs (https://www.notion.so/William-Pucs-1c5d619a067b80acab49f60859dddd55?pvs=21),,,"琐碎,药物,",6500,No,No,No,No,No,No,No,,,,,,,,,,,,,,,,,,,,,,,,No,No,No,No,No,No,,,,,,,,,,,,,,,,,,,,,,,,,,,,,,,,,,,,,,,,,,,,,,9,,0,65银币,,,,药物,琐碎,
中级治疗药剂,William Pucs (https://www.notion.so/William-Pucs-1c5d619a067b80acab49f60859dddd55?pvs=21),,,"魔法物品,琐碎,药物,",30000,No,No,No,No,No,No,No,,,,,,,,,,,,,,,,,,,,,,,,No,No,No,No,No,No,,,,,,,,,,,,,,,,,,,,,,,,,,,,,,,,,,,,,,,,,,,,,,12,,0,3金币,,,魔法物品,药物,琐碎,
愈合药剂,William Pucs (https://www.notion.so/William-Pucs-1c5d619a067b80acab49f60859dddd55?pvs=21),,,"琐碎,药物,",6500,No,No,No,No,No,No,No,,,,,,,,,,,,,,,,,,,,,,,,No,No,No,No,No,No,,,,,,,,,,,,,,,,,,,,,,,,,,,,,,,,,,,,,,,,,,,,,,9,,0,65银币,,,,药物,琐碎,
初级治疗药剂,William Pucs (https://www.notion.so/William-Pucs-1c5d619a067b80acab49f60859dddd55?pvs=21),,,"魔法物品,琐碎,药物,",12000,No,No,No,No,No,No,No,,,,,,,,,,,,,,,,,,,,,,,,No,No,No,No,No,No,,,,,,,,,,,,,,,,,,,,,,,,,,,,,,,,,,,,,,,,,,,,,,6,,0,1金币20银币,,,魔法物品,药物,琐碎,
迸发治疗药剂,William Pucs (https://www.notion.so/William-Pucs-1c5d619a067b80acab49f60859dddd55?pvs=21),,,"魔法物品,琐碎,药物,",50000,No,No,No,No,No,No,No,,,,,,,,,,,,,,,,,,,,,,,,No,No,No,No,No,No,,,,,,,,,,,,,,,,,,,,,,,,,,,,,,,,,,,,,,,,,,,,,,9,,0,5金币,,,魔法物品,药物,琐碎,
透支药剂,William Pucs (https://www.notion.so/William-Pucs-1c5d619a067b80acab49f60859dddd55?pvs=21),,,"魔法物品,琐碎,药物,",10000,No,No,No,No,No,No,No,,,,,,,,,,,,,,,,,,,,,,,,No,No,No,No,No,No,,,,,,,,,,,,,,,,,,,,,,,,,,,,,,,,,,,,,,,,,,,,,,6,,0,1金币,制造 (https://www.notion.so/1b3d619a067b801fa93ed39d82423e41?pvs=21),,魔法物品,药物,琐碎,
艾欧残卷,William Pucs (https://www.notion.so/William-Pucs-1c5d619a067b80acab49f60859dddd55?pvs=21),,,"魔法物品,琐碎,文件,",80000,No,No,No,No,No,No,No,,,,,,,,,,,,,,,,,,,,,,,,No,No,No,No,No,No,,,,,,,,,,,,,,,,,,,,,,,,,,,,,,,,,,,,,,,,,,,,,,,,0,8金币,,,魔法物品,文件,琐碎,托恩 (https://www.notion.so/1b8d619a067b80a2aea2c68c1c259efd?pvs=21)
神秘的角色卡,William Pucs (https://www.notion.so/William-Pucs-1c5d619a067b80acab49f60859dddd55?pvs=21),,,"魔法物品,琐碎,文件,",500000,No,No,No,No,No,No,No,,,,,,,,,,,,,,,,,,,,,,,,No,No,No,No,No,No,,,,,,,,,,,,,,,,,,,,,,,,,,,,,,,,,,,,,,,,,,,,,,,,0,50金币,,,魔法物品,文件,琐碎,
定点传送卷轴,William Pucs (https://www.notion.so/William-Pucs-1c5d619a067b80acab49f60859dddd55?pvs=21),,,"魔法物品,琐碎,文件,",30000,No,No,No,No,No,No,No,,,,,,,,,,,,,,,,,,,,,,,,No,No,No,No,No,No,,,,,,,,,,,,,,,,,,,,,,,,,,,,,,,,,,,,,,,,,,,,,,,,0,3金币,,,魔法物品,文件,琐碎,
冶金工具,William Pucs (https://www.notion.so/William-Pucs-1c5d619a067b80acab49f60859dddd55?pvs=21),Smelting Gears,,"重型,工具,",5000,No,No,No,No,No,No,No,,,,,,,,,,,,,,,,,,,,,,,,No,No,No,No,No,No,,,,,,,,,,,,,,,,,,,,,,,,,,,,,,,,,,,,,,,,,,,,,,,,3,50银币,,,,工具,重型,
次元盒,William Pucs (https://www.notion.so/William-Pucs-1c5d619a067b80acab49f60859dddd55?pvs=21),,,"魔法物品,琐碎,工具,",80000,No,No,No,No,No,No,No,,,,,,,,,,,,,,,,,,,,,,,,No,No,No,No,No,No,,,,,,,,,,,,,,,,,,,,,,,,,,,,,,,,,,,,,,,,,,,,,,,,0,8金币,,,魔法物品,工具,琐碎,
火把,William Pucs (https://www.notion.so/William-Pucs-1c5d619a067b80acab49f60859dddd55?pvs=21),Torch,,"轻型,工具,打击武器,",370,No,No,No,No,No,No,No,,,,,,,,,,,,,,,,,,,,,,,,No,No,No,No,No,No,,,,,,,,,,,,,,,,,,,,,,,,,,,,,,,,,,,,,,,,,,,,,1,,3,1,3银币70铜币,,,,"工具, 打击武器",轻型,
炼金工具,William Pucs (https://www.notion.so/William-Pucs-1c5d619a067b80acab49f60859dddd55?pvs=21),Alchemy Kit,,"重型,工具,",10000,No,No,No,No,No,No,No,,,,,,,,,,,,,,,,,,,,,,,,No,No,No,No,No,No,,,,,,,,,,,,,,,,,,,,,,,,,,,,,,,,,,,,,,,,,,,,,,,,3,1金币,,,,工具,重型,
开锁工具,William Pucs (https://www.notion.so/William-Pucs-1c5d619a067b80acab49f60859dddd55?pvs=21),,,"琐碎,工具,",2000,No,No,No,No,No,No,No,,,,,,,,,,,,,,,,,,,,,,,,No,No,No,No,No,No,,,,,,,,,,,,,,,,,,,,,,,,,,,,,,,,,,,,,,,,,,,,,,,,0,20银币,,,,工具,琐碎,
圣杯,William Pucs (https://www.notion.so/William-Pucs-1c5d619a067b80acab49f60859dddd55?pvs=21),Chalice,,"魔法物品,琐碎,工具,",15000,No,No,No,No,No,No,No,,,,,,,,,,,,,,,,,,,,,,,,No,No,No,No,No,No,,,,,,,,,,,,,,,,,,,,,,,,,,,,,,,,,,,,,,,,,,,,,,,,0,1金币50银币,,,魔法物品,工具,琐碎,
9mm弹匣,William Pucs (https://www.notion.so/William-Pucs-1c5d619a067b80acab49f60859dddd55?pvs=21),,,"琐碎,附件,",3500,No,No,No,No,No,No,No,,,,,,,,,,,,,,,,,,,,,,,,No,No,No,No,No,No,,,,,,,,,,,,,,,,,,,,,,,,,,,,,,,,,,,,,,,,,,,,,,,,0,35银币,,,,附件,琐碎,现代 (https://www.notion.so/1bad619a067b80ff93e5de5faec280e3?pvs=21)
白铅矿石,William Pucs (https://www.notion.so/William-Pucs-1c5d619a067b80acab49f60859dddd55?pvs=21),Cerussite,,"轻型,材料,矿物",60,No,No,No,No,No,No,No,,,,,,,,,,,,,,,,,,,,,,,,No,No,No,No,No,No,,,,,,,,,,,,,,,,,,,,,,,,,,,,,,,,,,,,,,,,,,,,,,,,1,60铜币,,矿物,,材料,轻型,
铅锭,,Lead Ingot,,"轻型,材料,冶金制品",1000,No,No,No,No,No,No,No,,,,,,,,,,,,,,,,,,,,,,,,No,No,No,No,No,No,,,,,,,,,,,,,,,,,,,,,,,,,,,,,,,,,,,,,,,,,,,,,,,,1,10银币,,冶金制品,,材料,轻型,
铅粒,William Pucs (https://www.notion.so/William-Pucs-1c5d619a067b80acab49f60859dddd55?pvs=21),Lead Nugget,,"琐碎,材料,冶金制品",50,No,No,No,No,No,No,No,,,,,,,,,,,,,,,,,,,,,,,,No,No,No,No,No,No,,,,,,,,,,,,,,,,,,,,,,,,,,,,,,,,,,,,,,,,,,,,,,,,0,50铜币,,冶金制品,,材料,琐碎,
方铅矿石,,Galena,William Pucs (https://www.notion.so/William-Pucs-1c5d619a067b80acab49f60859dddd55?pvs=21),"轻型,材料,矿物",80,No,No,No,No,No,No,No,,,,,,,,,,,,,,,,,,,,,,,,No,No,No,No,No,No,,,,,,,,,,,,,,,,,,,,,,,,,,,,,,,,,,,,,,,,,,,,,,,,1,80铜币,,矿物,,材料,轻型,
黝铜矿石,,Tetrahedrite,,"轻型,材料,矿物",200,No,No,No,No,No,No,No,,,,,,,,,,,,,,,,,,,,,,,,No,No,No,No,No,No,,,,,,,,,,,,,,,,,,,,,,,,,,,,,,,,,,,,,,,,,,,,,,,,1,2银币,,矿物,,材料,轻型,
水银,William Pucs (https://www.notion.so/William-Pucs-1c5d619a067b80acab49f60859dddd55?pvs=21),Mercury,,"琐碎,材料,冶金制品",5000,No,No,No,No,No,No,No,,,,,,,,,,,,,,,,,,,,,,,,No,No,No,No,No,No,,,,,,,,,,,,,,,,,,,,,,,,,,,,,,,,,,,,,,,,,,,,,,,,0,50银币,,冶金制品,,材料,琐碎,
白铁矿石,,Marcasite,,"轻型,材料,矿物",80,No,No,No,No,No,No,No,,,,,,,,,,,,,,,,,,,,,,,,No,No,No,No,No,No,,,,,,,,,,,,,,,,,,,,,,,,,,,,,,,,,,,,,,,,,,,,,,,,1,80铜币,,矿物,,材料,轻型,
黝锡矿石,,Stannite,,"轻型,材料,矿物",50,No,No,No,No,No,No,No,,,,,,,,,,,,,,,,,,,,,,,,No,No,No,No,No,No,,,,,,,,,,,,,,,,,,,,,,,,,,,,,,,,,,,,,,,,,,,,,,,,1,50铜币,,矿物,,材料,轻型,
铁锭,William Pucs (https://www.notion.so/William-Pucs-1c5d619a067b80acab49f60859dddd55?pvs=21)," Iron Ingot",,"轻型,材料,冶金制品",1000,No,No,No,No,No,No,No,,,,,,,,,,,,,,,,,,,,,,,,No,No,No,No,No,No,,,,,,,,,,,,,,,,,,,,,,,,,,,,,,,,,,,,,,,,,,,,,,,,1,10银币,,冶金制品,,材料,轻型,
锡粒,,Tin Nugget,,"琐碎,材料,冶金制品",50,No,No,No,No,No,No,No,,,,,,,,,,,,,,,,,,,,,,,,No,No,No,No,No,No,,,,,,,,,,,,,,,,,,,,,,,,,,,,,,,,,,,,,,,,,,,,,,,,0,50铜币,,冶金制品,,材料,琐碎,
锡石,William Pucs (https://www.notion.so/William-Pucs-1c5d619a067b80acab49f60859dddd55?pvs=21),Cassiterite,,"轻型,材料,矿物",200,No,No,No,No,No,No,No,,,,,,,,,,,,,,,,,,,,,,,,No,No,No,No,No,No,,,,,,,,,,,,,,,,,,,,,,,,,,,,,,,,,,,,,,,,,,,,,,,,1,2银币,,矿物,,材料,轻型,
金粒,,Gold Nugget,,"琐碎,材料,冶金制品",1000,No,No,No,No,No,No,No,,,,,,,,,,,,,,,,,,,,,,,,No,No,No,No,No,No,,,,,,,,,,,,,,,,,,,,,,,,,,,,,,,,,,,,,,,,,,,,,,,,0,10银币,,冶金制品,,材料,琐碎,
银粒,,Silver Nugget,,"琐碎,材料,冶金制品",80,No,No,No,No,No,No,No,,,,,,,,,,,,,,,,,,,,,,,,No,No,No,No,No,No,,,,,,,,,,,,,,,,,,,,,,,,,,,,,,,,,,,,,,,,,,,,,,,,0,80铜币,,冶金制品,,材料,琐碎,
铜粒,,Copper Nugget,,"琐碎,材料,冶金制品",50,No,No,No,No,No,No,No,,,,,,,,,,,,,,,,,,,,,,,,No,No,No,No,No,No,,,,,,,,,,,,,,,,,,,,,,,,,,,,,,,,,,,,,,,,,,,,,,,,0,50铜币,,冶金制品,,材料,琐碎,
铁粒,,Iron Nugget,,"琐碎,材料,冶金制品",60,No,No,No,No,No,No,No,,,,,,,,,,,,,,,,,,,,,,,,No,No,No,No,No,No,,,,,,,,,,,,,,,,,,,,,,,,,,,,,,,,,,,,,,,,,,,,,,,,0,60铜币,,冶金制品,,材料,琐碎,
金锭,,Gold Ingot,,"轻型,材料,冶金制品",1000000,No,No,No,No,No,No,No,,,,,,,,,,,,,,,,,,,,,,,,No,No,No,No,No,No,,,,,,,,,,,,,,,,,,,,,,,,,,,,,,,,,,,,,,,,,,,,,,,,1,100金币,,冶金制品,,材料,轻型,
银锭,,Silver Ingot,,"轻型,材料,冶金制品",10000,No,No,No,No,No,No,No,,,,,,,,,,,,,,,,,,,,,,,,No,No,No,No,No,No,,,,,,,,,,,,,,,,,,,,,,,,,,,,,,,,,,,,,,,,,,,,,,,,1,1金币,,冶金制品,,材料,轻型,
铜锭,,Copper Ingot,,"轻型,材料,冶金制品",300,No,No,No,No,No,No,No,,,,,,,,,,,,,,,,,,,,,,,,No,No,No,No,No,No,,,,,,,,,,,,,,,,,,,,,,,,,,,,,,,,,,,,,,,,,,,,,,,,1,3银币,,冶金制品,,材料,轻型,
锡锭,William Pucs (https://www.notion.so/William-Pucs-1c5d619a067b80acab49f60859dddd55?pvs=21)," Tin Ingot",,"轻型,材料,冶金制品",1000,No,No,No,No,No,No,No,,,,,,,,,,,,,,,,,,,,,,,,No,No,No,No,No,No,,,,,,,,,,,,,,,,,,,,,,,,,,,,,,,,,,,,,,,,,,,,,,,,1,10银币,,冶金制品,,材料,轻型,
琥珀金,William Pucs (https://www.notion.so/William-Pucs-1c5d619a067b80acab49f60859dddd55?pvs=21),Electrum,,"轻型,材料,矿物",8500,No,No,No,No,No,No,No,,,,,,,,,,,,,,,,,,,,,,,,No,No,No,No,No,No,,,,,,,,,,,,,,,,,,,,,,,,,,,,,,,,,,,,,,,,,,,,,,,,1,85银币,,矿物,,材料,轻型,
角银矿石,William Pucs (https://www.notion.so/William-Pucs-1c5d619a067b80acab49f60859dddd55?pvs=21),Chlorargyrite,,"轻型,材料,矿物",500,No,No,No,No,No,No,No,,,,,,,,,,,,,,,,,,,,,,,,No,No,No,No,No,No,,,,,,,,,,,,,,,,,,,,,,,,,,,,,,,,,,,,,,,,,,,,,,,,1,5银币,,矿物,,材料,轻型,
菱铁矿石,,Siderite,,"轻型,材料,矿物",150,No,No,No,No,No,No,No,,,,,,,,,,,,,,,,,,,,,,,,No,No,No,No,No,No,,,,,,,,,,,,,,,,,,,,,,,,,,,,,,,,,,,,,,,,,,,,,,,,1,1银币50铜币,,矿物,,材料,轻型,
辉铜矿石,,Chalcocite,,"轻型,材料,矿物",120,No,No,No,No,No,No,No,,,,,,,,,,,,,,,,,,,,,,,,No,No,No,No,No,No,,,,,,,,,,,,,,,,,,,,,,,,,,,,,,,,,,,,,,,,,,,,,,,,1,1银币20铜币,,矿物,,材料,轻型,
黄铜矿石,,Chalcopyrite,,"轻型,材料,矿物",70,No,No,No,No,No,No,No,,,,,,,,,,,,,,,,,,,,,,,,No,No,No,No,No,No,,,,,,,,,,,,,,,,,,,,,,,,,,,,,,,,,,,,,,,,,,,,,,,,1,70铜币,,矿物,,材料,轻型,
赤铁矿石,,Hematite,,"轻型,材料,矿物",70,No,No,No,No,No,No,No,,,,,,,,,,,,,,,,,,,,,,,,No,No,No,No,No,No,,,,,,,,,,,,,,,,,,,,,,,,,,,,,,,,,,,,,,,,,,,,,,,,1,70铜币,,矿物,,材料,轻型,
黑曜石,William Pucs (https://www.notion.so/William-Pucs-1c5d619a067b80acab49f60859dddd55?pvs=21),Obsidian,,"琐碎,材料,矿物",2000,No,No,No,No,No,No,No,,,,,,,,,,,,,,,,,,,,,,,,No,No,No,No,No,No,,,,,,,,,,,,,,,,,,,,,,,,,,,,,,,,,,,,,,,,,,,,,,,,0,20银币,,矿物,,材料,琐碎,
蠕虫粘液,William Pucs (https://www.notion.so/William-Pucs-1c5d619a067b80acab49f60859dddd55?pvs=21),Worm Mucus,,"琐碎,材料,动物材料",50,No,No,No,No,No,No,No,,,,,,,,,,,,,,,,,,,,,,,,No,No,No,No,No,No,,,,,,,,,,,,,,,,,,,,,,,,,,,,,,,,,,,,,,,,,,,,,,,,0,50铜币,,动物材料,,材料,琐碎,
残魂,William Pucs (https://www.notion.so/William-Pucs-1c5d619a067b80acab49f60859dddd55?pvs=21),Fading Residue,,"魔法物品,琐碎,材料,灵异物质",8000,No,No,No,No,No,No,No,,,,,,,,,,,,,,,,,,,,,,,,No,No,No,No,No,No,,,,,,,,,,,,,,,,,,,,,,,,,,,,,,,,,,,,,,,,,,,,,,,,0,80银币,,灵异物质,魔法物品,材料,琐碎,
骨头,William Pucs (https://www.notion.so/William-Pucs-1c5d619a067b80acab49f60859dddd55?pvs=21),Bones,,"琐碎,材料,动物材料",200,No,No,No,No,No,No,No,,,,,,,,,,,,,,,,,,,,,,,,No,No,No,No,No,No,,,,,,,,,,,,,,,,,,,,,,,,,,,,,,,,,,,,,,,,,,,,,,,,0,2银币,,动物材料,,材料,琐碎,
鲨齿,William Pucs (https://www.notion.so/William-Pucs-1c5d619a067b80acab49f60859dddd55?pvs=21),Sharkfang,,"琐碎,材料,动物材料",300,No,No,No,No,No,No,No,,,,,,,,,,,,,,,,,,,,,,,,No,No,No,No,No,No,,,,,,,,,,,,,,,,,,,,,,,,,,,,,,,,,,,,,,,,,,,,,,,,0,3银币,,动物材料,,材料,琐碎,
余烬,William Pucs (https://www.notion.so/William-Pucs-1c5d619a067b80acab49f60859dddd55?pvs=21),,,"魔法物品,琐碎,材料,灵异物质",10000,No,No,No,No,No,No,No,,,,,,,,,,,,,,,,,,,,,,,,No,No,No,No,No,No,,,,,,,,,,,,,,,,,,,,,,,,,,,,,,,,,,,,,,,,,,,,,,,,0,1金币,,灵异物质,魔法物品,材料,琐碎,
灵质,William Pucs (https://www.notion.so/William-Pucs-1c5d619a067b80acab49f60859dddd55?pvs=21),Ectoplasm,,"魔法物品,琐碎,材料,灵异物质",5000,No,No,No,No,No,No,No,,,,,,,,,,,,,,,,,,,,,,,,No,No,No,No,No,No,,,,,,,,,,,,,,,,,,,,,,,,,,,,,,,,,,,,,,,,,,,,,,,,0,50银币,,灵异物质,魔法物品,材料,琐碎,
几丁质,William Pucs (https://www.notion.so/William-Pucs-1c5d619a067b80acab49f60859dddd55?pvs=21),Chitin,,"琐碎,材料,动物材料",120,No,No,No,No,No,No,No,,,,,,,,,,,,,,,,,,,,,,,,No,No,No,No,No,No,,,,,,,,,,,,,,,,,,,,,,,,,,,,,,,,,,,,,,,,,,,,,,,,0,1银币20铜币,,动物材料,,材料,琐碎,
云母,William Pucs (https://www.notion.so/William-Pucs-1c5d619a067b80acab49f60859dddd55?pvs=21),Mica,,"琐碎,材料,矿物",15,No,No,No,No,No,No,No,,,,,,,,,,,,,,,,,,,,,,,,No,No,No,No,No,No,,,,,,,,,,,,,,,,,,,,,,,,,,,,,,,,,,,,,,,,,,,,,,,,0,15铜币,,矿物,,材料,琐碎,
熔火精华,William Pucs (https://www.notion.so/William-Pucs-1c5d619a067b80acab49f60859dddd55?pvs=21),Molten Essense,,"魔法物品,琐碎,材料,灵异物质",12000,No,No,No,No,No,No,No,,,,,,,,,,,,,,,,,,,,,,,,No,No,No,No,No,No,,,,,,,,,,,,,,,,,,,,,,,,,,,,,,,,,,,,,,,,,,,,,,,,0,1金币20银币,,灵异物质,魔法物品,材料,琐碎,
毒砂,William Pucs (https://www.notion.so/William-Pucs-1c5d619a067b80acab49f60859dddd55?pvs=21),Arsenopyrite,,"轻型,材料,矿物",50,No,No,No,No,No,No,No,,,,,,,,,,,,,,,,,,,,,,,,No,No,No,No,No,No,,,,,,,,,,,,,,,,,,,,,,,,,,,,,,,,,,,,,,,,,,,,,,,,1,50铜币,,矿物,,材料,轻型,
愚人金矿石,William Pucs (https://www.notion.so/William-Pucs-1c5d619a067b80acab49f60859dddd55?pvs=21),Fool’s Gold / Pyrite,,"轻型,材料,矿物",80,No,No,No,No,No,No,No,,,,,,,,,,,,,,,,,,,,,,,,No,No,No,No,No,No,,,,,,,,,,,,,,,,,,,,,,,,,,,,,,,,,,,,,,,,,,,,,,,,1,80铜币,,矿物,,材料,轻型,
火蠕虫黏液,William Pucs (https://www.notion.so/William-Pucs-1c5d619a067b80acab49f60859dddd55?pvs=21),,,"琐碎,材料,动物材料",100,No,No,No,No,No,No,No,,,,,,,,,,,,,,,,,,,,,,,,No,No,No,No,No,No,,,,,,,,,,,,,,,,,,,,,,,,,,,,,,,,,,,,,,,,,,,,,,,,0,1银币,,动物材料,,材料,琐碎,
獠牙,William Pucs (https://www.notion.so/William-Pucs-1c5d619a067b80acab49f60859dddd55?pvs=21),,,"琐碎,材料,动物材料",250,No,No,No,No,No,No,No,,,,,,,,,,,,,,,,,,,,,,,,No,No,No,No,No,No,,,,,,,,,,,,,,,,,,,,,,,,,,,,,,,,,,,,,,,,,,,,,,,,0,2银币50铜币,,动物材料,,材料,琐碎,
毒堇,William Pucs (https://www.notion.so/William-Pucs-1c5d619a067b80acab49f60859dddd55?pvs=21),Conium Maculatum,,"琐碎,材料,草药",120,No,No,No,No,No,No,No,,,,,,,,,,,,,,,,,,,,,,,,No,No,No,No,No,No,,,,,,,,,,,,,,,,,,,,,,,,,,,,,,,,,,,,,,,,,,,,,,,,0,1银币20铜币,,草药,,材料,琐碎,
蝎子草,William Pucs (https://www.notion.so/William-Pucs-1c5d619a067b80acab49f60859dddd55?pvs=21),Pinellia Ternata,,"琐碎,材料,草药",800,No,No,No,No,No,No,No,,,,,,,,,,,,,,,,,,,,,,,,No,No,No,No,No,No,,,,,,,,,,,,,,,,,,,,,,,,,,,,,,,,,,,,,,,,,,,,,,,,0,8银币,,草药,,材料,琐碎,
见血封喉,William Pucs (https://www.notion.so/William-Pucs-1c5d619a067b80acab49f60859dddd55?pvs=21),Antiaris Toxicaria,,"琐碎,材料,草药",3500,No,No,No,No,No,No,No,,,,,,,,,,,,,,,,,,,,,,,,No,No,No,No,No,No,,,,,,,,,,,,,,,,,,,,,,,,,,,,,,,,,,,,,,,,,,,,,,,,0,35银币,,草药,,材料,琐碎,
寒露花籽,William Pucs (https://www.notion.so/William-Pucs-1c5d619a067b80acab49f60859dddd55?pvs=21),,,"琐碎,材料,草药",300,No,No,No,No,No,No,No,,,,,,,,,,,,,,,,,,,,,,,,No,No,No,No,No,No,,,,,,,,,,,,,,,,,,,,,,,,,,,,,,,,,,,,,,,,,,,,,,,,0,3银币,,草药,,材料,琐碎,
毒茄参,William Pucs (https://www.notion.so/William-Pucs-1c5d619a067b80acab49f60859dddd55?pvs=21),Mandragora,,"琐碎,材料,草药",800,No,No,No,No,No,No,No,,,,,,,,,,,,,,,,,,,,,,,,No,No,No,No,No,No,,,,,,,,,,,,,,,,,,,,,,,,,,,,,,,,,,,,,,,,,,,,,,,,0,8银币,,草药,,材料,琐碎,
三角藤根,William Pucs (https://www.notion.so/William-Pucs-1c5d619a067b80acab49f60859dddd55?pvs=21),Radix Morindae,,"琐碎,材料,草药",35,No,No,No,No,No,No,No,,,,,,,,,,,,,,,,,,,,,,,,No,No,No,No,No,No,,,,,,,,,,,,,,,,,,,,,,,,,,,,,,,,,,,,,,,,,,,,,,,,0,35铜币,,草药,,材料,琐碎,
橡子,William Pucs (https://www.notion.so/William-Pucs-1c5d619a067b80acab49f60859dddd55?pvs=21),Acorn,,"琐碎,材料,草药,食材",5,No,No,No,No,No,No,No,,,,,,,,,,,,,,,,,,,,,,,,No,No,No,No,No,No,,,,,,,,,,,,,,,,,,,,,,,,,,,,,,,,,,,,,,,,,,,,,,,,0,5铜币,,"草药, 食材",,材料,琐碎,
毛皮,William Pucs (https://www.notion.so/William-Pucs-1c5d619a067b80acab49f60859dddd55?pvs=21),,,"轻型,材料,动物材料",100,No,No,No,No,No,No,No,,,,,,,,,,,,,,,,,,,,,,,,No,No,No,No,No,No,,,,,,,,,,,,,,,,,,,,,,,,,,,,,,,,,,,,,,,,,,,,,,,,1,1银币,,动物材料,,材料,轻型,
无纹星铁,William Pucs (https://www.notion.so/William-Pucs-1c5d619a067b80acab49f60859dddd55?pvs=21),Solida Ferraria,,"轻型,材料,矿物",46875,No,No,No,No,No,No,No,,,,,,,,,,,,,,,,,,,,,,,,No,No,No,No,No,No,,,,,,,,,,,,,,,,,,,,,,,,,,,,,,,,,,,,,,,,,,,,,,,,1,4金币68银币75铜币,,矿物,,材料,轻型,后土 (https://www.notion.so/1b8d619a067b80169bc3cf9b17da0c40?pvs=21)
织纹星铁,William Pucs (https://www.notion.so/William-Pucs-1c5d619a067b80acab49f60859dddd55?pvs=21),Contexeda Ferraria,,"轻型,材料,货币,矿物",1562,No,No,No,No,No,No,No,,,,,,,,,,,,,,,,,,,,,,,,No,No,No,No,No,No,,,,,,,,,,,,,,,,,,,,,,,,,,,,,,,,,,,,,,,,,,,,,,,,1,15银币62铜币,,矿物,,"材料, 货币",轻型,后土 (https://www.notion.so/1b8d619a067b80169bc3cf9b17da0c40?pvs=21)
线纹星铁,William Pucs (https://www.notion.so/William-Pucs-1c5d619a067b80acab49f60859dddd55?pvs=21),Vadi Ferraria,,"轻型,材料,矿物",78,No,No,No,No,No,No,No,,,,,,,,,,,,,,,,,,,,,,,,No,No,No,No,No,No,,,,,,,,,,,,,,,,,,,,,,,,,,,,,,,,,,,,,,,,,,,,,,,,1,78铜币,,矿物,,材料,轻型,后土 (https://www.notion.so/1b8d619a067b80169bc3cf9b17da0c40?pvs=21)
软胶质,William Pucs (https://www.notion.so/William-Pucs-1c5d619a067b80acab49f60859dddd55?pvs=21),,,"琐碎,材料,动物材料",55,No,No,No,No,No,No,No,,,,,,,,,,,,,,,,,,,,,,,,No,No,No,No,No,No,,,,,,,,,,,,,,,,,,,,,,,,,,,,,,,,,,,,,,,,,,,,,,,,0,55铜币,,动物材料,,材料,琐碎,
百合瓣,William Pucs (https://www.notion.so/William-Pucs-1c5d619a067b80acab49f60859dddd55?pvs=21),Foliōrum Lilium,,"琐碎,材料,草药",15,No,No,No,No,No,No,No,,,,,,,,,,,,,,,,,,,,,,,,No,No,No,No,No,No,,,,,,,,,,,,,,,,,,,,,,,,,,,,,,,,,,,,,,,,,,,,,,,,0,15铜币,,草药,,材料,琐碎,
铁根,William Pucs (https://www.notion.so/William-Pucs-1c5d619a067b80acab49f60859dddd55?pvs=21),Iron Root,,"琐碎,材料,草药",25,No,No,No,No,No,No,No,,,,,,,,,,,,,,,,,,,,,,,,No,No,No,No,No,No,,,,,,,,,,,,,,,,,,,,,,,,,,,,,,,,,,,,,,,,,,,,,,,,0,25铜币,,草药,,材料,琐碎,
红灵石,William Pucs (https://www.notion.so/William-Pucs-1c5d619a067b80acab49f60859dddd55?pvs=21),Crymsonshard,,"琐碎,材料,矿物",15000,No,No,No,No,No,No,No,,,,,,,,,,,,,,,,,,,,,,,,No,No,No,No,No,No,,,,,,,,,,,,,,,,,,,,,,,,,,,,,,,,,,,,,,,,,,,,,,,,0,1金币50银币,,矿物,,材料,琐碎,
魔像核心,William Pucs (https://www.notion.so/William-Pucs-1c5d619a067b80acab49f60859dddd55?pvs=21),Golem Core,,"魔法物品,琐碎,材料,工艺制品",20000,No,No,No,No,No,No,No,,,,,,,,,,,,,,,,,,,,,,,,No,No,No,No,No,No,,,,,,,,,,,,,,,,,,,,,,,,,,,,,,,,,,,,,,,,,,,,,,,,0,2金币,,工艺制品,魔法物品,材料,琐碎,
山雾根,William Pucs (https://www.notion.so/William-Pucs-1c5d619a067b80acab49f60859dddd55?pvs=21),,,"琐碎,材料,草药",500,No,No,No,No,No,No,No,,,,,,,,,,,,,,,,,,,,,,,,No,No,No,No,No,No,,,,,,,,,,,,,,,,,,,,,,,,,,,,,,,,,,,,,,,,,,,,,,,,0,5银币,,草药,,材料,琐碎,
白头草,William Pucs (https://www.notion.so/William-Pucs-1c5d619a067b80acab49f60859dddd55?pvs=21),,,"琐碎,材料,草药",150,No,No,No,No,No,No,No,,,,,,,,,,,,,,,,,,,,,,,,No,No,No,No,No,No,,,,,,,,,,,,,,,,,,,,,,,,,,,,,,,,,,,,,,,,,,,,,,,,0,1银币50铜币,,草药,,材料,琐碎,
蟾蜍毒素,William Pucs (https://www.notion.so/William-Pucs-1c5d619a067b80acab49f60859dddd55?pvs=21),,,"琐碎,材料,药物,动物材料",2000,No,No,No,No,No,No,No,,,,,,,,,,,,,,,,,,,,,,,,No,No,No,No,No,No,,,,,,,,,,,,,,,,,,,,,,,,,,,,,,,,,,,,,,,,,,,,,,0,,0,20银币,,动物材料,,"材料, 药物",琐碎,
黄蝉,William Pucs (https://www.notion.so/William-Pucs-1c5d619a067b80acab49f60859dddd55?pvs=21),Allamanda Schottii,,"琐碎,材料,草药",15,No,No,No,No,No,No,No,,,,,,,,,,,,,,,,,,,,,,,,No,No,No,No,No,No,,,,,,,,,,,,,,,,,,,,,,,,,,,,,,,,,,,,,,,,,,,,,,,,0,15铜币,,草药,,材料,琐碎,
蛇麻黄,William Pucs (https://www.notion.so/William-Pucs-1c5d619a067b80acab49f60859dddd55?pvs=21),,,"琐碎,材料,草药",50,No,No,No,No,No,No,No,,,,,,,,,,,,,,,,,,,,,,,,No,No,No,No,No,No,,,,,,,,,,,,,,,,,,,,,,,,,,,,,,,,,,,,,,,,,,,,,,,,0,50铜币,,草药,,材料,琐碎,
空瓶,William Pucs (https://www.notion.so/William-Pucs-1c5d619a067b80acab49f60859dddd55?pvs=21),,,"琐碎,材料,工艺制品",100,No,No,No,No,No,No,No,,,,,,,,,,,,,,,,,,,,,,,,No,No,No,No,No,No,,,,,,,,,,,,,,,,,,,,,,,,,,,,,,,,,,,,,,,,,,,,,,,,0,1银币,,工艺制品,,材料,琐碎,
幽灵苔藓,William Pucs (https://www.notion.so/William-Pucs-1c5d619a067b80acab49f60859dddd55?pvs=21),,,"琐碎,材料,草药",300,No,No,No,No,No,No,No,,,,,,,,,,,,,,,,,,,,,,,,No,No,No,No,No,No,,,,,,,,,,,,,,,,,,,,,,,,,,,,,,,,,,,,,,,,,,,,,,,,0,3银币,,草药,,材料,琐碎,
血末,William Pucs (https://www.notion.so/William-Pucs-1c5d619a067b80acab49f60859dddd55?pvs=21),,,"琐碎,材料,动物材料",5,No,No,No,No,No,No,No,,,,,,,,,,,,,,,,,,,,,,,,No,No,No,No,No,No,,,,,,,,,,,,,,,,,,,,,,,,,,,,,,,,,,,,,,,,,,,,,,,,0,5铜币,,动物材料,,材料,琐碎,
黑头菇,William Pucs (https://www.notion.so/William-Pucs-1c5d619a067b80acab49f60859dddd55?pvs=21),Fungusmaculae,,"琐碎,材料,草药",300,No,No,No,No,No,No,No,,,,,,,,,,,,,,,,,,,,,,,,No,No,No,No,No,No,,,,,,,,,,,,,,,,,,,,,,,,,,,,,,,,,,,,,,,,,,,,,,,,0,3银币,,草药,,材料,琐碎,
羽毛,William Pucs (https://www.notion.so/William-Pucs-1c5d619a067b80acab49f60859dddd55?pvs=21),,,"琐碎,材料,动物材料",1,No,No,No,No,No,No,No,,,,,,,,,,,,,,,,,,,,,,,,No,No,No,No,No,No,,,,,,,,,,,,,,,,,,,,,,,,,,,,,,,,,,,,,,,,,,,,,,,,0,1铜币,,动物材料,,材料,琐碎,
细沙,William Pucs (https://www.notion.so/William-Pucs-1c5d619a067b80acab49f60859dddd55?pvs=21),Fine Sand,,"琐碎,材料,矿物",5,No,No,No,No,No,No,No,,,,,,,,,,,,,,,,,,,,,,,,No,No,No,No,No,No,,,,,,,,,,,,,,,,,,,,,,,,,,,,,,,,,,,,,,,,,,,,,,,,0,5铜币,,矿物,,材料,琐碎,
冷青石,William Pucs (https://www.notion.so/William-Pucs-1c5d619a067b80acab49f60859dddd55?pvs=21),Mystralberyl,,"琐碎,材料,矿物",3500,No,No,No,No,No,No,No,,,,,,,,,,,,,,,,,,,,,,,,No,No,No,No,No,No,,,,,,,,,,,,,,,,,,,,,,,,,,,,,,,,,,,,,,,,,,,,,,,,0,35银币,,矿物,,材料,琐碎,"托恩 (https://www.notion.so/1b8d619a067b80a2aea2c68c1c259efd?pvs=21), 后土 (https://www.notion.so/1b8d619a067b80169bc3cf9b17da0c40?pvs=21)"
磷光粉,William Pucs (https://www.notion.so/William-Pucs-1c5d619a067b80acab49f60859dddd55?pvs=21),Phosphor Powder,,"琐碎,材料,冶金制品",500,No,No,No,No,No,No,No,,,,,,,,,,,,,,,,,,,,,,,,No,No,No,No,No,No,,,,,,,,,,,,,,,,,,,,,,,,,,,,,,,,,,,,,,,,,,,,,,,,0,5银币,,冶金制品,,材料,琐碎,
铜箔,William Pucs (https://www.notion.so/William-Pucs-1c5d619a067b80acab49f60859dddd55?pvs=21),Copper Foil,,"琐碎,材料,工艺制品",5,No,No,No,No,No,No,No,,,,,,,,,,,,,,,,,,,,,,,,No,No,No,No,No,No,,,,,,,,,,,,,,,,,,,,,,,,,,,,,,,,,,,,,,,,,,,,,,,,0,5铜币,,工艺制品,,材料,琐碎,
蛛丝,William Pucs (https://www.notion.so/William-Pucs-1c5d619a067b80acab49f60859dddd55?pvs=21),Spiderweb,,"琐碎,材料,动物材料",10,No,No,No,No,No,No,No,,,,,,,,,,,,,,,,,,,,,,,,No,No,No,No,No,No,,,,,,,,,,,,,,,,,,,,,,,,,,,,,,,,,,,,,,,,,,,,,,,,0,10铜币,,动物材料,,材料,琐碎,
油脂,William Pucs (https://www.notion.so/William-Pucs-1c5d619a067b80acab49f60859dddd55?pvs=21),Grease,,"琐碎,材料,动物材料,食材",15,No,No,No,No,No,No,No,,,,,,,,,,,,,,,,,,,,,,,,No,No,No,No,No,No,,,,,,,,,,,,,,,,,,,,,,,,,,,,,,,,,,,,,,,,,,,,,,,,0,15铜币,,"动物材料, 食材",,材料,琐碎,
水晶,William Pucs (https://www.notion.so/William-Pucs-1c5d619a067b80acab49f60859dddd55?pvs=21),Crystal,,"琐碎,材料,矿物",10,No,No,No,No,No,No,No,,,,,,,,,,,,,,,,,,,,,,,,No,No,No,No,No,No,,,,,,,,,,,,,,,,,,,,,,,,,,,,,,,,,,,,,,,,,,,,,,,,0,10铜币,,矿物,,材料,琐碎,
硫磺,William Pucs (https://www.notion.so/William-Pucs-1c5d619a067b80acab49f60859dddd55?pvs=21),Sulphur,,"琐碎,材料,冶金制品",25,No,No,No,No,No,No,No,,,,,,,,,,,,,,,,,,,,,,,,No,No,No,No,No,No,,,,,,,,,,,,,,,,,,,,,,,,,,,,,,,,,,,,,,,,,,,,,,,,0,25铜币,,冶金制品,,材料,琐碎,
骑士币,William Pucs (https://www.notion.so/William-Pucs-1c5d619a067b80acab49f60859dddd55?pvs=21),Knight’s Coin,,"琐碎,货币,",100,No,No,No,No,No,No,No,,,,,,,,,,,,,,,,,,,,,,,,No,No,No,No,No,No,,,,,,,,,,,,,,,,,,,,,,,,,,,,,,,,,,,,,,,,,,,,,,,,0,1银币,,,,货币,琐碎,托恩 (https://www.notion.so/1b8d619a067b80a2aea2c68c1c259efd?pvs=21)
述帝金币,William Pucs (https://www.notion.so/William-Pucs-1c5d619a067b80acab49f60859dddd55?pvs=21),,,"琐碎,货币,",10000,No,No,No,No,No,No,No,,,,,,,,,,,,,,,,,,,,,,,,No,No,No,No,No,No,,,,,,,,,,,,,,,,,,,,,,,,,,,,,,,,,,,,,,,,,,,,,,,,0,1金币,,,,货币,琐碎,托恩 (https://www.notion.so/1b8d619a067b80a2aea2c68c1c259efd?pvs=21)
述帝银币,William Pucs (https://www.notion.so/William-Pucs-1c5d619a067b80acab49f60859dddd55?pvs=21),,,"琐碎,货币,",100,No,No,No,No,No,No,No,,,,,,,,,,,,,,,,,,,,,,,,No,No,No,No,No,No,,,,,,,,,,,,,,,,,,,,,,,,,,,,,,,,,,,,,,,,,,,,,,,,0,1银币,,,,货币,琐碎,托恩 (https://www.notion.so/1b8d619a067b80a2aea2c68c1c259efd?pvs=21)
金币,William Pucs (https://www.notion.so/William-Pucs-1c5d619a067b80acab49f60859dddd55?pvs=21),Gold Piece,,"琐碎,货币,",10000,No,No,No,No,No,No,No,,,,,,,,,,,,,,,,,,,,,,,,No,No,No,No,No,No,,,,,,,,,,,,,,,,,,,,,,,,,,,,,,,,,,,,,,,,,,,,,,,,0,1金币,,,,货币,琐碎,
银币,William Pucs (https://www.notion.so/William-Pucs-1c5d619a067b80acab49f60859dddd55?pvs=21),Silver Piece,,"琐碎,货币,",100,No,No,No,No,No,No,No,,,,,,,,,,,,,,,,,,,,,,,,No,No,No,No,No,No,,,,,,,,,,,,,,,,,,,,,,,,,,,,,,,,,,,,,,,,,,,,,,,,0,1银币,,,,货币,琐碎,
铜币,William Pucs (https://www.notion.so/William-Pucs-1c5d619a067b80acab49f60859dddd55?pvs=21),Copper Piece,,"琐碎,货币,",1,No,No,No,No,No,No,No,,,,,,,,,,,,,,,,,,,,,,,,No,No,No,No,No,No,,,,,,,,,,,,,,,,,,,,,,,,,,,,,,,,,,,,,,,,,,,,,,,,0,1铜币,,,,货币,琐碎,
述帝铜币,William Pucs (https://www.notion.so/William-Pucs-1c5d619a067b80acab49f60859dddd55?pvs=21),,,"琐碎,货币,",1,No,No,No,No,No,No,No,,,,,,,,,,,,,,,,,,,,,,,,No,No,No,No,No,No,,,,,,,,,,,,,,,,,,,,,,,,,,,,,,,,,,,,,,,,,,,,,,,,0,1铜币,,,,货币,琐碎,托恩 (https://www.notion.so/1b8d619a067b80a2aea2c68c1c259efd?pvs=21)
神奇的20面骰子,William Pucs (https://www.notion.so/William-Pucs-1c5d619a067b80acab49f60859dddd55?pvs=21),,,"魔法物品,琐碎,杂物,",60000,No,No,No,No,No,No,No,,,,,,,,,,,,,,,,,,,,,,,,No,No,No,No,No,No,,,,,,,,,,,,,,,,,,,,,,,,,,,,,,,,,,,,,,,,,,,,,,6,,0,6金币,,,魔法物品,杂物,琐碎,
蜡烛,William Pucs (https://www.notion.so/William-Pucs-1c5d619a067b80acab49f60859dddd55?pvs=21),Candle,,"琐碎,杂物,",50,No,No,No,No,No,No,No,,,,,,,,,,,,,,,,,,,,,,,,No,No,No,No,No,No,,,,,,,,,,,,,,,,,,,,,,,,,,,,,,,,,,,,,,,,,,,,,,,,0,50铜币,,,,杂物,琐碎,
兽角,,Beast Horn,,,,No,No,No,No,No,No,No,,,,,,,,,,,,,,,,,,,,,,,,No,No,No,No,No,No,,,,,,,,,,,,,,,,,,,,,,,,,,,,,,,,,,,,,,,,,,,,,,,,0,,,,,,,